GE;PE;CL;AV;planta;nota;Y
IpiguaIAC;limao_cravo;1;2;1;0;0
IpiguaIAC;limao_cravo;1;2;2;3;0,098
IpiguaIAC;limao_cravo;1;2;3;0;0
IpiguaIAC;limao_cravo;1;2;4;0;0
IpiguaIAC;limao_cravo;1;2;5;0;0
IpiguaIAC;limao_cravo;1;2;6;0;0
IpiguaIAC;limao_cravo;1;2;7;0;0
IpiguaIAC;limao_cravo;1;2;8;0;0
IpiguaIAC;limao_cravo;1;2;9;0;0
IpiguaIAC;limao_cravo;1;2;10;0;0
IpiguaIAC;limao_cravo;1;3;1;0;0
IpiguaIAC;limao_cravo;1;3;2;0;0
IpiguaIAC;limao_cravo;1;3;3;0;0
IpiguaIAC;limao_cravo;1;3;4;0;0
IpiguaIAC;limao_cravo;1;3;5;0;0
IpiguaIAC;limao_cravo;1;3;6;0;0
IpiguaIAC;limao_cravo;1;3;7;0;0
IpiguaIAC;limao_cravo;1;3;8;0,5;0,034
IpiguaIAC;limao_cravo;1;3;9;1;0,079
IpiguaIAC;limao_cravo;1;3;10;0;0
IpiguaIAC;limao_cravo;1;4;1;0;0
IpiguaIAC;limao_cravo;1;4;2;0,3;0,206
IpiguaIAC;limao_cravo;1;4;3;0,5;0,135
IpiguaIAC;limao_cravo;1;4;4;0;0
IpiguaIAC;limao_cravo;1;4;5;0;0
IpiguaIAC;limao_cravo;1;4;6;0,2;0,033
IpiguaIAC;limao_cravo;1;4;7;0,2;0,036
IpiguaIAC;limao_cravo;1;4;8;0;0
IpiguaIAC;limao_cravo;1;4;9;2;0,085
IpiguaIAC;limao_cravo;1;4;10;0;0
IpiguaIAC;limao_cravo;1;5;1;0;0
IpiguaIAC;limao_cravo;1;5;2;0,5;0,227
IpiguaIAC;limao_cravo;1;5;3;0,3;0,154
IpiguaIAC;limao_cravo;1;5;4;0;0
IpiguaIAC;limao_cravo;1;5;5;0;0
IpiguaIAC;limao_cravo;1;5;6;0,1;0,03
IpiguaIAC;limao_cravo;1;5;7;0,6;0,2
IpiguaIAC;limao_cravo;1;5;8;0;0
IpiguaIAC;limao_cravo;1;5;9;0,4;0,15
IpiguaIAC;limao_cravo;1;5;10;0,3;0,125
IpiguaIAC;limao_cravo;1;6;1;0;0
IpiguaIAC;limao_cravo;1;6;2;0;0
IpiguaIAC;limao_cravo;1;6;3;1,8;0,241
IpiguaIAC;limao_cravo;1;6;4;0;0
IpiguaIAC;limao_cravo;1;6;5;0;0
IpiguaIAC;limao_cravo;1;6;6;0;0
IpiguaIAC;limao_cravo;1;6;7;1,5;0,067
IpiguaIAC;limao_cravo;1;6;8;0;0
IpiguaIAC;limao_cravo;1;6;9;1;0,107
IpiguaIAC;limao_cravo;1;6;10;0;0
IAC;limao_cravo;2;2;1;0;0
IAC;limao_cravo;2;2;2;0;0
IAC;limao_cravo;2;2;3;0;0
IAC;limao_cravo;2;2;4;0;0
IAC;limao_cravo;2;2;5;0;0
IAC;limao_cravo;2;2;6;0;0
IAC;limao_cravo;2;2;7;0;0
IAC;limao_cravo;2;2;8;0;0
IAC;limao_cravo;2;2;9;0;0
IAC;limao_cravo;2;2;10;0;0
IAC;limao_cravo;2;3;1;0;0
IAC;limao_cravo;2;3;2;0;0
IAC;limao_cravo;2;3;3;0,5;0,128
IAC;limao_cravo;2;3;4;0;0
IAC;limao_cravo;2;3;5;0;0
IAC;limao_cravo;2;3;6;0;0
IAC;limao_cravo;2;3;7;0;0
IAC;limao_cravo;2;3;8;0;0
IAC;limao_cravo;2;3;9;0,5;0,167
IAC;limao_cravo;2;3;10;0;0
IAC;limao_cravo;2;4;1;0;0
IAC;limao_cravo;2;4;2;0;0
IAC;limao_cravo;2;4;3;0,2;0,018
IAC;limao_cravo;2;4;4;0;0
IAC;limao_cravo;2;4;5;0;0
IAC;limao_cravo;2;4;6;0;0
IAC;limao_cravo;2;4;7;0;0
IAC;limao_cravo;2;4;8;0,1;0,018
IAC;limao_cravo;2;4;9;0,3;0,017
IAC;limao_cravo;2;4;10;0,3;0,021
IAC;limao_cravo;2;5;1;0;0
IAC;limao_cravo;2;5;2;0;0
IAC;limao_cravo;2;5;3;0;0
IAC;limao_cravo;2;5;4;0;0
IAC;limao_cravo;2;5;5;0;0
IAC;limao_cravo;2;5;6;1;0,135
IAC;limao_cravo;2;5;7;1;0,03
IAC;limao_cravo;2;5;8;2;0,061
IAC;limao_cravo;2;5;9;1;0,083
IAC;limao_cravo;2;5;10;2;0,171
IAC;limao_cravo;2;6;1;0;0
IAC;limao_cravo;2;6;2;1,8;0,158
IAC;limao_cravo;2;6;3;0;0
IAC;limao_cravo;2;6;4;1,9;0,133
IAC;limao_cravo;2;6;5;0;0
IAC;limao_cravo;2;6;6;0,9;0,054
IAC;limao_cravo;2;6;7;0;0
IAC;limao_cravo;2;6;8;0;0
IAC;limao_cravo;2;6;9;0;0
IAC;limao_cravo;2;6;10;2,5;0,267
Bianchi;limao_cravo;3;2;1;0;0
Bianchi;limao_cravo;3;2;2;0;0
Bianchi;limao_cravo;3;2;3;0;0
Bianchi;limao_cravo;3;2;4;0;0
Bianchi;limao_cravo;3;2;5;0,2;0,025
Bianchi;limao_cravo;3;2;6;0;0
Bianchi;limao_cravo;3;2;7;0;0
Bianchi;limao_cravo;3;2;8;0;0
Bianchi;limao_cravo;3;2;9;0;0
Bianchi;limao_cravo;3;2;10;0;0
Bianchi;limao_cravo;3;3;1;0;0
Bianchi;limao_cravo;3;3;2;0;0
Bianchi;limao_cravo;3;3;3;0;0
Bianchi;limao_cravo;3;3;4;0,2;0,096
Bianchi;limao_cravo;3;3;5;0,1;0,02
Bianchi;limao_cravo;3;3;6;0,2;0,044
Bianchi;limao_cravo;3;3;7;1;0,225
Bianchi;limao_cravo;3;3;8;0,5;0,171
Bianchi;limao_cravo;3;3;9;0;0
Bianchi;limao_cravo;3;3;10;1,5;0,109
Bianchi;limao_cravo;3;4;1;0;0
Bianchi;limao_cravo;3;4;2;0;0
Bianchi;limao_cravo;3;4;3;0,2;0,045
Bianchi;limao_cravo;3;4;4;0;0
Bianchi;limao_cravo;3;4;5;0;0
Bianchi;limao_cravo;3;4;6;0;0
Bianchi;limao_cravo;3;4;7;0;0
Bianchi;limao_cravo;3;4;8;0,5;0,118
Bianchi;limao_cravo;3;4;9;0;0
Bianchi;limao_cravo;3;4;10;0;0
Bianchi;limao_cravo;3;5;1;0;0
Bianchi;limao_cravo;3;5;2;0;0
Bianchi;limao_cravo;3;5;3;0;0
Bianchi;limao_cravo;3;5;4;0,5;0,021
Bianchi;limao_cravo;3;5;5;0;0
Bianchi;limao_cravo;3;5;6;0,5;0,075
Bianchi;limao_cravo;3;5;7;0;0
Bianchi;limao_cravo;3;5;8;2,5;0,257
Bianchi;limao_cravo;3;5;9;1,5;0,118
Bianchi;limao_cravo;3;5;10;0,5;0,105
Bianchi;limao_cravo;3;6;1;0;0
Bianchi;limao_cravo;3;6;2;0;0
Bianchi;limao_cravo;3;6;3;0;0
Bianchi;limao_cravo;3;6;4;0,2;0,13
Bianchi;limao_cravo;3;6;5;0,2;0,074
Bianchi;limao_cravo;3;6;6;0;0
Bianchi;limao_cravo;3;6;7;0,7;0,235
Bianchi;limao_cravo;3;6;8;0,7;0,222
Bianchi;limao_cravo;3;6;9;0,2;0,136
Bianchi;limao_cravo;3;6;10;0,4;0,16
IAC_2000;limao_cravo;4;2;1;1,5;0,021
IAC_2000;limao_cravo;4;2;2;0;0
IAC_2000;limao_cravo;4;2;3;0;0
IAC_2000;limao_cravo;4;2;4;0;0
IAC_2000;limao_cravo;4;2;5;2,5;0,114
IAC_2000;limao_cravo;4;2;6;0;0
IAC_2000;limao_cravo;4;2;7;0;0
IAC_2000;limao_cravo;4;2;8;0;0
IAC_2000;limao_cravo;4;2;9;0;0
IAC_2000;limao_cravo;4;2;10;0;0
IAC_2000;limao_cravo;4;3;1;0,5;0,186
IAC_2000;limao_cravo;4;3;2;0,3;0,019
IAC_2000;limao_cravo;4;3;3;1;0,038
IAC_2000;limao_cravo;4;3;4;0,5;0,048
IAC_2000;limao_cravo;4;3;5;0,5;0,037
IAC_2000;limao_cravo;4;3;6;0,5;0,163
IAC_2000;limao_cravo;4;3;7;0;0
IAC_2000;limao_cravo;4;3;8;0;0
IAC_2000;limao_cravo;4;3;9;0;0
IAC_2000;limao_cravo;4;3;10;0;0
IAC_2000;limao_cravo;4;4;1;0;0
IAC_2000;limao_cravo;4;4;2;1;0,121
IAC_2000;limao_cravo;4;4;3;0;0
IAC_2000;limao_cravo;4;4;4;0;0
IAC_2000;limao_cravo;4;4;5;0;0
IAC_2000;limao_cravo;4;4;6;0;0
IAC_2000;limao_cravo;4;4;7;0,5;0,14
IAC_2000;limao_cravo;4;4;8;0,8;0,045
IAC_2000;limao_cravo;4;4;9;1;0,041
IAC_2000;limao_cravo;4;4;10;1,5;0,075
IAC_2000;limao_cravo;4;5;1;0;0
IAC_2000;limao_cravo;4;5;2;0;0
IAC_2000;limao_cravo;4;5;3;0;0
IAC_2000;limao_cravo;4;5;4;0;0
IAC_2000;limao_cravo;4;5;5;0,5;0,049
IAC_2000;limao_cravo;4;5;6;0;0
IAC_2000;limao_cravo;4;5;7;0,5;0,137
IAC_2000;limao_cravo;4;5;8;0,5;0,043
IAC_2000;limao_cravo;4;5;9;0,5;0,152
IAC_2000;limao_cravo;4;5;10;0,5;0,1
IAC_2000;limao_cravo;4;6;1;0;0
IAC_2000;limao_cravo;4;6;2;0;0
IAC_2000;limao_cravo;4;6;3;0;0
IAC_2000;limao_cravo;4;6;4;0,5;0,057
IAC_2000;limao_cravo;4;6;5;0;0
IAC_2000;limao_cravo;4;6;6;0,4;0,026
IAC_2000;limao_cravo;4;6;7;1;0,079
IAC_2000;limao_cravo;4;6;8;1;0,235
IAC_2000;limao_cravo;4;6;9;2,5;0,222
IAC_2000;limao_cravo;4;6;10;1,5;0,133
Olimpia;limao_cravo;5;2;1;1;0,064
Olimpia;limao_cravo;5;2;2;0,5;0,024
Olimpia;limao_cravo;5;2;3;1;0,043
Olimpia;limao_cravo;5;2;4;1,5;0,058
Olimpia;limao_cravo;5;2;5;2,5;0,042
Olimpia;limao_cravo;5;2;6;0;0
Olimpia;limao_cravo;5;2;7;0;0
Olimpia;limao_cravo;5;2;8;0;0
Olimpia;limao_cravo;5;2;9;0;0
Olimpia;limao_cravo;5;2;10;0;0
Olimpia;limao_cravo;5;3;1;0,5;0,143
Olimpia;limao_cravo;5;3;2;0,5;0,068
Olimpia;limao_cravo;5;3;3;0;0
Olimpia;limao_cravo;5;3;4;0,5;0,026
Olimpia;limao_cravo;5;3;5;0,5;0,059
Olimpia;limao_cravo;5;3;6;0;0
Olimpia;limao_cravo;5;3;7;0;0
Olimpia;limao_cravo;5;3;8;0,5;0,077
Olimpia;limao_cravo;5;3;9;0;0
Olimpia;limao_cravo;5;3;10;0;0
Olimpia;limao_cravo;5;4;1;0,5;0,071
Olimpia;limao_cravo;5;4;2;1,8;0,051
Olimpia;limao_cravo;5;4;3;1;0,116
Olimpia;limao_cravo;5;4;4;2,5;0,143
Olimpia;limao_cravo;5;4;5;0,3;0,019
Olimpia;limao_cravo;5;4;6;0;0
Olimpia;limao_cravo;5;4;7;0;0
Olimpia;limao_cravo;5;4;8;0;0
Olimpia;limao_cravo;5;4;9;0;0
Olimpia;limao_cravo;5;4;10;0;0
Olimpia;limao_cravo;5;5;1;0;0
Olimpia;limao_cravo;5;5;2;0,2;0,04
Olimpia;limao_cravo;5;5;3;0;0
Olimpia;limao_cravo;5;5;4;0,5;0,094
Olimpia;limao_cravo;5;5;5;0,1;0,045
Olimpia;limao_cravo;5;5;6;0,5;0,19
Olimpia;limao_cravo;5;5;7;1,8;0,313
Olimpia;limao_cravo;5;5;8;0,5;0,235
Olimpia;limao_cravo;5;5;9;1,2;0,25
Olimpia;limao_cravo;5;5;10;2;0,444
Olimpia;limao_cravo;5;6;1;0;0
Olimpia;limao_cravo;5;6;2;0;0
Olimpia;limao_cravo;5;6;3;0,5;0,038
Olimpia;limao_cravo;5;6;4;0;0
Olimpia;limao_cravo;5;6;5;0,2;0,024
Olimpia;limao_cravo;5;6;6;0;0
Olimpia;limao_cravo;5;6;7;0,5;0,163
Olimpia;limao_cravo;5;6;8;0,5;0,064
Olimpia;limao_cravo;5;6;9;0,5;0,059
Olimpia;limao_cravo;5;6;10;0;0
EEL;limao_cravo;6;2;1;0,8;0,205
EEL;limao_cravo;6;2;2;2;0,159
EEL;limao_cravo;6;2;3;1,5;0,083
EEL;limao_cravo;6;2;4;0;0
EEL;limao_cravo;6;2;5;0;0
EEL;limao_cravo;6;2;6;0;0
EEL;limao_cravo;6;2;7;0;0
EEL;limao_cravo;6;2;8;0;0
EEL;limao_cravo;6;2;9;0;0
EEL;limao_cravo;6;2;10;0;0
EEL;limao_cravo;6;3;1;2,5;0,395
EEL;limao_cravo;6;3;2;2,5;0,268
EEL;limao_cravo;6;3;3;1,5;0,176
EEL;limao_cravo;6;3;4;2;0,082
EEL;limao_cravo;6;3;5;0,5;0,079
EEL;limao_cravo;6;3;6;0;0
EEL;limao_cravo;6;3;7;0;0
EEL;limao_cravo;6;3;8;0;0
EEL;limao_cravo;6;3;9;0;0
EEL;limao_cravo;6;3;10;0;0
EEL;limao_cravo;6;4;1;2;0,065
EEL;limao_cravo;6;4;2;2;0,13
EEL;limao_cravo;6;4;3;3;0,189
EEL;limao_cravo;6;4;4;2;0,077
EEL;limao_cravo;6;4;5;1;0,032
EEL;limao_cravo;6;4;6;0;0
EEL;limao_cravo;6;4;7;0;0
EEL;limao_cravo;6;4;8;0;0
EEL;limao_cravo;6;4;9;0;0
EEL;limao_cravo;6;4;10;0;0
EEL;limao_cravo;6;5;1;2;0,129
EEL;limao_cravo;6;5;2;2;0,273
EEL;limao_cravo;6;5;3;3;0,167
EEL;limao_cravo;6;5;4;2;0,25
EEL;limao_cravo;6;5;5;2;0,103
EEL;limao_cravo;6;5;6;1;0,08
EEL;limao_cravo;6;5;7;0;0
EEL;limao_cravo;6;5;8;3;0,12
EEL;limao_cravo;6;5;9;0;0
EEL;limao_cravo;6;5;10;0;0
EEL;limao_cravo;6;6;1;0;0
EEL;limao_cravo;6;6;2;0;0
EEL;limao_cravo;6;6;3;0;0
EEL;limao_cravo;6;6;4;1;0,031
EEL;limao_cravo;6;6;5;0;0
EEL;limao_cravo;6;6;6;1;0,065
EEL;limao_cravo;6;6;7;1;0,03
EEL;limao_cravo;6;6;8;2;0,091
EEL;limao_cravo;6;6;9;1;0,027
EEL;limao_cravo;6;6;10;3;0,121
N59;limao_cravo;7;2;1;0;0
N59;limao_cravo;7;2;2;0;0
N59;limao_cravo;7;2;3;0;0
N59;limao_cravo;7;2;4;0;0
N59;limao_cravo;7;2;5;0;0
N59;limao_cravo;7;2;6;0;0
N59;limao_cravo;7;2;7;1,5;0,025
N59;limao_cravo;7;2;8;2,5;0,128
N59;limao_cravo;7;2;9;2;0,222
N59;limao_cravo;7;2;10;1;0,167
N59;limao_cravo;7;3;1;0;0
N59;limao_cravo;7;3;2;0;0
N59;limao_cravo;7;3;3;0;0
N59;limao_cravo;7;3;4;0;0
N59;limao_cravo;7;3;5;0;0
N59;limao_cravo;7;3;6;0;0
N59;limao_cravo;7;3;7;0,5;0,023
N59;limao_cravo;7;3;8;1,5;0,293
N59;limao_cravo;7;3;9;1;0,195
N59;limao_cravo;7;3;10;0,5;0,114
N59;limao_cravo;7;4;1;0,2;0,023
N59;limao_cravo;7;4;2;0,2;0,109
N59;limao_cravo;7;4;3;0,3;0,073
N59;limao_cravo;7;4;4;0;0
N59;limao_cravo;7;4;5;0;0
N59;limao_cravo;7;4;6;0;0
N59;limao_cravo;7;4;7;0;0
N59;limao_cravo;7;4;8;0;0
N59;limao_cravo;7;4;9;0;0
N59;limao_cravo;7;4;10;0;0
N59;limao_cravo;7;5;1;0,5;0,061
N59;limao_cravo;7;5;2;1;0,129
N59;limao_cravo;7;5;3;3;0,138
N59;limao_cravo;7;5;4;2,5;0,206
N59;limao_cravo;7;5;5;1,5;0,056
N59;limao_cravo;7;5;6;0;0
N59;limao_cravo;7;5;7;1;0,093
N59;limao_cravo;7;5;8;0;0
N59;limao_cravo;7;5;9;0;0
N59;limao_cravo;7;5;10;0;0
N59;limao_cravo;7;6;1;0;0
N59;limao_cravo;7;6;2;0,5;0,192
N59;limao_cravo;7;6;3;0,8;0,071
N59;limao_cravo;7;6;4;0,9;0,12
N59;limao_cravo;7;6;5;2;0,172
N59;limao_cravo;7;6;6;0;0
N59;limao_cravo;7;6;7;0;0
N59;limao_cravo;7;6;8;0;0
N59;limao_cravo;7;6;9;0;0
N59;limao_cravo;7;6;10;0;0
N58;limao_cravo;8;2;1;0;0
N58;limao_cravo;8;2;2;0;0
N58;limao_cravo;8;2;3;0;0
N58;limao_cravo;8;2;4;0;0
N58;limao_cravo;8;2;5;0;0
N58;limao_cravo;8;2;6;0;0
N58;limao_cravo;8;2;7;2;0,042
N58;limao_cravo;8;2;8;0;0
N58;limao_cravo;8;2;9;3;0,038
N58;limao_cravo;8;2;10;3;0,059
N58;limao_cravo;8;3;1;0;0
N58;limao_cravo;8;3;2;0;0
N58;limao_cravo;8;3;3;0;0
N58;limao_cravo;8;3;4;0;0
N58;limao_cravo;8;3;5;1;0,042
N58;limao_cravo;8;3;6;0;0
N58;limao_cravo;8;3;7;1,5;0,343
N58;limao_cravo;8;3;8;2;0,2
N58;limao_cravo;8;3;9;2,5;0,267
N58;limao_cravo;8;3;10;1;0,15
N58;limao_cravo;8;4;1;0;0
N58;limao_cravo;8;4;2;0;0
N58;limao_cravo;8;4;3;0,2;0,083
N58;limao_cravo;8;4;4;2,5;0,289
N58;limao_cravo;8;4;5;0,5;0,063
N58;limao_cravo;8;4;6;0,2;0,023
N58;limao_cravo;8;4;7;0,2;0,043
N58;limao_cravo;8;4;8;0;0
N58;limao_cravo;8;4;9;0;0
N58;limao_cravo;8;4;10;0;0
N58;limao_cravo;8;5;1;0;0
N58;limao_cravo;8;5;2;0,5;0,081
N58;limao_cravo;8;5;3;0,5;0,079
N58;limao_cravo;8;5;4;0,5;0,114
N58;limao_cravo;8;5;5;1;0,147
N58;limao_cravo;8;5;6;0,5;0,097
N58;limao_cravo;8;5;7;0,5;0,079
N58;limao_cravo;8;5;8;0;0
N58;limao_cravo;8;5;9;0,5;0,04
N58;limao_cravo;8;5;10;0;0
N58;limao_cravo;8;6;1;0,5;0,133
N58;limao_cravo;8;6;2;0,7;0,212
N58;limao_cravo;8;6;3;0,4;0,182
N58;limao_cravo;8;6;4;0,6;0,292
N58;limao_cravo;8;6;5;0,3;0,1
N58;limao_cravo;8;6;6;0,5;0,208
N58;limao_cravo;8;6;7;0;0
N58;limao_cravo;8;6;8;0;0
N58;limao_cravo;8;6;9;0,2;0,05
N58;limao_cravo;8;6;10;0;0
Arapongas;limao_cravo;9;2;1;0;0
Arapongas;limao_cravo;9;2;2;0;0
Arapongas;limao_cravo;9;2;3;0;0
Arapongas;limao_cravo;9;2;4;0;0
Arapongas;limao_cravo;9;2;5;0;0
Arapongas;limao_cravo;9;2;6;0;0
Arapongas;limao_cravo;9;2;7;0,5;0,163
Arapongas;limao_cravo;9;2;8;0,5;0,208
Arapongas;limao_cravo;9;2;9;1,5;0,269
Arapongas;limao_cravo;9;2;10;0,5;0,108
Arapongas;limao_cravo;9;3;1;0,8;0,186
Arapongas;limao_cravo;9;3;2;0,9;0,269
Arapongas;limao_cravo;9;3;3;0;0
Arapongas;limao_cravo;9;3;4;0;0
Arapongas;limao_cravo;9;3;5;0,5;0,086
Arapongas;limao_cravo;9;3;6;0;0
Arapongas;limao_cravo;9;3;7;0;0
Arapongas;limao_cravo;9;3;8;1;0,118
Arapongas;limao_cravo;9;3;9;3,5;0,5
Arapongas;limao_cravo;9;3;10;0,5;0,034
Arapongas;limao_cravo;9;4;1;2,5;0,24
Arapongas;limao_cravo;9;4;2;1,7;0,355
Arapongas;limao_cravo;9;4;3;0,9;0,1
Arapongas;limao_cravo;9;4;4;0;0
Arapongas;limao_cravo;9;4;5;0;0
Arapongas;limao_cravo;9;4;6;0;0
Arapongas;limao_cravo;9;4;7;0;0
Arapongas;limao_cravo;9;4;8;0;0
Arapongas;limao_cravo;9;4;9;0,5;0,129
Arapongas;limao_cravo;9;4;10;0,3;0,065
Arapongas;limao_cravo;9;5;1;0,4;0,167
Arapongas;limao_cravo;9;5;2;0,6;0,261
Arapongas;limao_cravo;9;5;3;0,6;0,167
Arapongas;limao_cravo;9;5;4;0,3;0,167
Arapongas;limao_cravo;9;5;5;0,3;0,12
Arapongas;limao_cravo;9;5;6;0;0
Arapongas;limao_cravo;9;5;7;0;0
Arapongas;limao_cravo;9;5;8;0;0
Arapongas;limao_cravo;9;5;9;0,1;0,04
Arapongas;limao_cravo;9;5;10;0;0
Arapongas;limao_cravo;9;6;1;0,5;0,024
Arapongas;limao_cravo;9;6;2;0;0
Arapongas;limao_cravo;9;6;3;0,5;0,095
Arapongas;limao_cravo;9;6;4;0;0
Arapongas;limao_cravo;9;6;5;0;0
Arapongas;limao_cravo;9;6;6;0;0
Arapongas;limao_cravo;9;6;7;0;0
Arapongas;limao_cravo;9;6;8;0;0
Arapongas;limao_cravo;9;6;9;0;0
Arapongas;limao_cravo;9;6;10;0;0
IpiguaIAC;tangerina_sunki;10;2;1;0;0
IpiguaIAC;tangerina_sunki;10;2;2;0,5;0,02
IpiguaIAC;tangerina_sunki;10;2;3;0;0
IpiguaIAC;tangerina_sunki;10;2;4;0;0
IpiguaIAC;tangerina_sunki;10;2;5;0;0
IpiguaIAC;tangerina_sunki;10;2;6;0;0
IpiguaIAC;tangerina_sunki;10;2;7;0;0
IpiguaIAC;tangerina_sunki;10;2;8;0;0
IpiguaIAC;tangerina_sunki;10;2;9;0;0
IpiguaIAC;tangerina_sunki;10;2;10;0;0
IpiguaIAC;tangerina_sunki;10;3;1;0;0
IpiguaIAC;tangerina_sunki;10;3;2;0;0
IpiguaIAC;tangerina_sunki;10;3;3;0;0
IpiguaIAC;tangerina_sunki;10;3;4;0;0
IpiguaIAC;tangerina_sunki;10;3;5;0;0
IpiguaIAC;tangerina_sunki;10;3;6;0,5;0,047
IpiguaIAC;tangerina_sunki;10;3;7;0;0
IpiguaIAC;tangerina_sunki;10;3;8;0;0
IpiguaIAC;tangerina_sunki;10;3;9;0;0
IpiguaIAC;tangerina_sunki;10;3;10;0;0
IpiguaIAC;tangerina_sunki;10;4;1;0;0
IpiguaIAC;tangerina_sunki;10;4;2;0;0
IpiguaIAC;tangerina_sunki;10;4;3;0;0
IpiguaIAC;tangerina_sunki;10;4;4;0;0
IpiguaIAC;tangerina_sunki;10;4;5;0;0
IpiguaIAC;tangerina_sunki;10;4;6;0;0
IpiguaIAC;tangerina_sunki;10;4;7;0;0
IpiguaIAC;tangerina_sunki;10;4;8;0;0
IpiguaIAC;tangerina_sunki;10;4;9;0;0
IpiguaIAC;tangerina_sunki;10;4;10;0;0
IpiguaIAC;tangerina_sunki;10;5;1;0;0
IpiguaIAC;tangerina_sunki;10;5;2;0;0
IpiguaIAC;tangerina_sunki;10;5;3;0;0
IpiguaIAC;tangerina_sunki;10;5;4;0;0
IpiguaIAC;tangerina_sunki;10;5;5;0;0
IpiguaIAC;tangerina_sunki;10;5;6;0;0
IpiguaIAC;tangerina_sunki;10;5;7;0;0
IpiguaIAC;tangerina_sunki;10;5;8;0;0
IpiguaIAC;tangerina_sunki;10;5;9;0;0
IpiguaIAC;tangerina_sunki;10;5;10;0;0
IpiguaIAC;tangerina_sunki;10;6;1;0;0
IpiguaIAC;tangerina_sunki;10;6;2;0;0
IpiguaIAC;tangerina_sunki;10;6;3;0;0
IpiguaIAC;tangerina_sunki;10;6;4;0,5;0,048
IpiguaIAC;tangerina_sunki;10;6;5;0;0
IpiguaIAC;tangerina_sunki;10;6;6;0;0
IpiguaIAC;tangerina_sunki;10;6;7;0;0
IpiguaIAC;tangerina_sunki;10;6;8;0;0
IpiguaIAC;tangerina_sunki;10;6;9;0;0
IpiguaIAC;tangerina_sunki;10;6;10;0;0
IAC;tangerina_sunki;11;2;1;0;0
IAC;tangerina_sunki;11;2;2;0;0
IAC;tangerina_sunki;11;2;3;0;0
IAC;tangerina_sunki;11;2;4;0;0
IAC;tangerina_sunki;11;2;5;3,5;0,054
IAC;tangerina_sunki;11;2;6;0;0
IAC;tangerina_sunki;11;2;7;0;0
IAC;tangerina_sunki;11;2;8;0;0
IAC;tangerina_sunki;11;2;9;0;0
IAC;tangerina_sunki;11;2;10;0;0
IAC;tangerina_sunki;11;3;1;0,5;0,019
IAC;tangerina_sunki;11;3;2;0,5;0,06
IAC;tangerina_sunki;11;3;3;0;0
IAC;tangerina_sunki;11;3;4;0;0
IAC;tangerina_sunki;11;3;5;0,3;0,044
IAC;tangerina_sunki;11;3;6;1;0,185
IAC;tangerina_sunki;11;3;7;0,5;0,019
IAC;tangerina_sunki;11;3;8;0,5;0,123
IAC;tangerina_sunki;11;3;9;0;0
IAC;tangerina_sunki;11;3;10;0;0
IAC;tangerina_sunki;11;4;1;0;0
IAC;tangerina_sunki;11;4;2;0;0
IAC;tangerina_sunki;11;4;3;0;0
IAC;tangerina_sunki;11;4;4;0;0
IAC;tangerina_sunki;11;4;5;3;0,063
IAC;tangerina_sunki;11;4;6;0;0
IAC;tangerina_sunki;11;4;7;2;0,055
IAC;tangerina_sunki;11;4;8;0;0
IAC;tangerina_sunki;11;4;9;0;0
IAC;tangerina_sunki;11;4;10;0;0
IAC;tangerina_sunki;11;5;1;0;0
IAC;tangerina_sunki;11;5;2;0;0
IAC;tangerina_sunki;11;5;3;0;0
IAC;tangerina_sunki;11;5;4;0,5;0,163
IAC;tangerina_sunki;11;5;5;2,5;0,258
IAC;tangerina_sunki;11;5;6;1;0,091
IAC;tangerina_sunki;11;5;7;1;0,067
IAC;tangerina_sunki;11;5;8;1;0,049
IAC;tangerina_sunki;11;5;9;0;0
IAC;tangerina_sunki;11;5;10;1,5;0,125
IAC;tangerina_sunki;11;6;1;0;0
IAC;tangerina_sunki;11;6;2;0;0
IAC;tangerina_sunki;11;6;3;0;0
IAC;tangerina_sunki;11;6;4;0;0
IAC;tangerina_sunki;11;6;5;0;0
IAC;tangerina_sunki;11;6;6;2;0,103
IAC;tangerina_sunki;11;6;7;0;0
IAC;tangerina_sunki;11;6;8;0;0
IAC;tangerina_sunki;11;6;9;0;0
IAC;tangerina_sunki;11;6;10;0;0
Bianchi;tangerina_sunki;12;2;1;0;0
Bianchi;tangerina_sunki;12;2;2;0;0
Bianchi;tangerina_sunki;12;2;3;0;0
Bianchi;tangerina_sunki;12;2;4;0,2;0,075
Bianchi;tangerina_sunki;12;2;5;1;0,139
Bianchi;tangerina_sunki;12;2;6;0;0
Bianchi;tangerina_sunki;12;2;7;0;0
Bianchi;tangerina_sunki;12;2;8;0;0
Bianchi;tangerina_sunki;12;2;9;0;0
Bianchi;tangerina_sunki;12;2;10;0;0
Bianchi;tangerina_sunki;12;3;1;0;0
Bianchi;tangerina_sunki;12;3;2;0;0
Bianchi;tangerina_sunki;12;3;3;0;0
Bianchi;tangerina_sunki;12;3;4;0;0
Bianchi;tangerina_sunki;12;3;5;0;0
Bianchi;tangerina_sunki;12;3;6;2,5;0,324
Bianchi;tangerina_sunki;12;3;7;0;0
Bianchi;tangerina_sunki;12;3;8;0;0
Bianchi;tangerina_sunki;12;3;9;0;0
Bianchi;tangerina_sunki;12;3;10;0;0
Bianchi;tangerina_sunki;12;4;1;0;0
Bianchi;tangerina_sunki;12;4;2;0;0
Bianchi;tangerina_sunki;12;4;3;0;0
Bianchi;tangerina_sunki;12;4;4;0;0
Bianchi;tangerina_sunki;12;4;5;0;0
Bianchi;tangerina_sunki;12;4;6;0;0
Bianchi;tangerina_sunki;12;4;7;0,5;0,053
Bianchi;tangerina_sunki;12;4;8;0;0
Bianchi;tangerina_sunki;12;4;9;0;0
Bianchi;tangerina_sunki;12;4;10;0,3;0,097
Bianchi;tangerina_sunki;12;5;1;0;0
Bianchi;tangerina_sunki;12;5;2;0;0
Bianchi;tangerina_sunki;12;5;3;0;0
Bianchi;tangerina_sunki;12;5;4;0;0
Bianchi;tangerina_sunki;12;5;5;0;0
Bianchi;tangerina_sunki;12;5;6;0;0
Bianchi;tangerina_sunki;12;5;7;0;0
Bianchi;tangerina_sunki;12;5;8;1;0,086
Bianchi;tangerina_sunki;12;5;9;1;0,034
Bianchi;tangerina_sunki;12;5;10;2;0,167
Bianchi;tangerina_sunki;12;6;1;0;0
Bianchi;tangerina_sunki;12;6;2;0;0
Bianchi;tangerina_sunki;12;6;3;0;0
Bianchi;tangerina_sunki;12;6;4;0;0
Bianchi;tangerina_sunki;12;6;5;0;0
Bianchi;tangerina_sunki;12;6;6;1,8;0,148
Bianchi;tangerina_sunki;12;6;7;0;0
Bianchi;tangerina_sunki;12;6;8;0;0
Bianchi;tangerina_sunki;12;6;9;0;0
Bianchi;tangerina_sunki;12;6;10;0;0
IAC_2000;tangerina_sunki;13;2;1;0;0
IAC_2000;tangerina_sunki;13;2;2;0;0
IAC_2000;tangerina_sunki;13;2;3;0,5;0,015
IAC_2000;tangerina_sunki;13;2;4;0;0
IAC_2000;tangerina_sunki;13;2;5;0;0
IAC_2000;tangerina_sunki;13;2;6;0;0
IAC_2000;tangerina_sunki;13;2;7;0,5;0,065
IAC_2000;tangerina_sunki;13;2;8;0;0
IAC_2000;tangerina_sunki;13;2;9;0;0
IAC_2000;tangerina_sunki;13;2;10;0;0
IAC_2000;tangerina_sunki;13;3;1;0;0
IAC_2000;tangerina_sunki;13;3;2;0;0
IAC_2000;tangerina_sunki;13;3;3;0;0
IAC_2000;tangerina_sunki;13;3;4;0;0
IAC_2000;tangerina_sunki;13;3;5;0;0
IAC_2000;tangerina_sunki;13;3;6;0,5;0,093
IAC_2000;tangerina_sunki;13;3;7;0;0
IAC_2000;tangerina_sunki;13;3;8;0;0
IAC_2000;tangerina_sunki;13;3;9;0;0
IAC_2000;tangerina_sunki;13;3;10;0;0
IAC_2000;tangerina_sunki;13;4;1;0;0
IAC_2000;tangerina_sunki;13;4;2;0;0
IAC_2000;tangerina_sunki;13;4;3;0;0
IAC_2000;tangerina_sunki;13;4;4;0;0
IAC_2000;tangerina_sunki;13;4;5;0;0
IAC_2000;tangerina_sunki;13;4;6;0;0
IAC_2000;tangerina_sunki;13;4;7;0;0
IAC_2000;tangerina_sunki;13;4;8;0;0
IAC_2000;tangerina_sunki;13;4;9;0;0
IAC_2000;tangerina_sunki;13;4;10;0;0
IAC_2000;tangerina_sunki;13;5;1;0;0
IAC_2000;tangerina_sunki;13;5;2;0;0
IAC_2000;tangerina_sunki;13;5;3;0;0
IAC_2000;tangerina_sunki;13;5;4;0,3;0,154
IAC_2000;tangerina_sunki;13;5;5;0,2;0,074
IAC_2000;tangerina_sunki;13;5;6;0;0
IAC_2000;tangerina_sunki;13;5;7;0;0
IAC_2000;tangerina_sunki;13;5;8;0,2;0,1
IAC_2000;tangerina_sunki;13;5;9;0;0
IAC_2000;tangerina_sunki;13;5;10;0;0
IAC_2000;tangerina_sunki;13;6;1;0;0
IAC_2000;tangerina_sunki;13;6;2;0;0
IAC_2000;tangerina_sunki;13;6;3;0;0
IAC_2000;tangerina_sunki;13;6;4;0;0
IAC_2000;tangerina_sunki;13;6;5;0,5;0,056
IAC_2000;tangerina_sunki;13;6;6;0;0
IAC_2000;tangerina_sunki;13;6;7;0,5;0,114
IAC_2000;tangerina_sunki;13;6;8;0,5;0,056
IAC_2000;tangerina_sunki;13;6;9;0;0
IAC_2000;tangerina_sunki;13;6;10;0;0
Olimpia;tangerina_sunki;14;2;1;0;0
Olimpia;tangerina_sunki;14;2;2;0;0
Olimpia;tangerina_sunki;14;2;3;0;0
Olimpia;tangerina_sunki;14;2;4;0;0
Olimpia;tangerina_sunki;14;2;5;1;0,081
Olimpia;tangerina_sunki;14;2;6;0;0
Olimpia;tangerina_sunki;14;2;7;0;0
Olimpia;tangerina_sunki;14;2;8;1;0,081
Olimpia;tangerina_sunki;14;2;9;0;0
Olimpia;tangerina_sunki;14;2;10;0;0
Olimpia;tangerina_sunki;14;3;1;0;0
Olimpia;tangerina_sunki;14;3;2;0;0
Olimpia;tangerina_sunki;14;3;3;0;0
Olimpia;tangerina_sunki;14;3;4;0;0
Olimpia;tangerina_sunki;14;3;5;2;0,262
Olimpia;tangerina_sunki;14;3;6;0;0
Olimpia;tangerina_sunki;14;3;7;0;0
Olimpia;tangerina_sunki;14;3;8;1;0,067
Olimpia;tangerina_sunki;14;3;9;0,5;0,068
Olimpia;tangerina_sunki;14;3;10;0;0
Olimpia;tangerina_sunki;14;4;1;0;0
Olimpia;tangerina_sunki;14;4;2;0;0
Olimpia;tangerina_sunki;14;4;3;0;0
Olimpia;tangerina_sunki;14;4;4;0;0
Olimpia;tangerina_sunki;14;4;5;0;0
Olimpia;tangerina_sunki;14;4;6;0,3;0,133
Olimpia;tangerina_sunki;14;4;7;0,5;0,172
Olimpia;tangerina_sunki;14;4;8;0;0
Olimpia;tangerina_sunki;14;4;9;0;0
Olimpia;tangerina_sunki;14;4;10;0;0
Olimpia;tangerina_sunki;14;5;1;0;0
Olimpia;tangerina_sunki;14;5;2;0;0
Olimpia;tangerina_sunki;14;5;3;0;0
Olimpia;tangerina_sunki;14;5;4;0;0
Olimpia;tangerina_sunki;14;5;5;0;0
Olimpia;tangerina_sunki;14;5;6;0;0
Olimpia;tangerina_sunki;14;5;7;0,5;0,041
Olimpia;tangerina_sunki;14;5;8;0;0
Olimpia;tangerina_sunki;14;5;9;0;0
Olimpia;tangerina_sunki;14;5;10;0;0
Olimpia;tangerina_sunki;14;6;1;0;0
Olimpia;tangerina_sunki;14;6;2;0;0
Olimpia;tangerina_sunki;14;6;3;0;0
Olimpia;tangerina_sunki;14;6;4;0,3;0,12
Olimpia;tangerina_sunki;14;6;5;0;0
Olimpia;tangerina_sunki;14;6;6;0,2;0,038
Olimpia;tangerina_sunki;14;6;7;0,9;0,333
Olimpia;tangerina_sunki;14;6;8;0,5;0,161
Olimpia;tangerina_sunki;14;6;9;0;0
Olimpia;tangerina_sunki;14;6;10;0;0
EEL;tangerina_sunki;15;2;1;0;0
EEL;tangerina_sunki;15;2;2;0;0
EEL;tangerina_sunki;15;2;3;0;0
EEL;tangerina_sunki;15;2;4;0;0
EEL;tangerina_sunki;15;2;5;0;0
EEL;tangerina_sunki;15;2;6;0;0
EEL;tangerina_sunki;15;2;7;0;0
EEL;tangerina_sunki;15;2;8;0;0
EEL;tangerina_sunki;15;2;9;0,2;0,094
EEL;tangerina_sunki;15;2;10;0;0
EEL;tangerina_sunki;15;3;1;0;0
EEL;tangerina_sunki;15;3;2;0;0
EEL;tangerina_sunki;15;3;3;0,1;0,026
EEL;tangerina_sunki;15;3;4;0;0
EEL;tangerina_sunki;15;3;5;0;0
EEL;tangerina_sunki;15;3;6;0;0
EEL;tangerina_sunki;15;3;7;0;0
EEL;tangerina_sunki;15;3;8;0,1;0,024
EEL;tangerina_sunki;15;3;9;0,7;0,213
EEL;tangerina_sunki;15;3;10;0;0
EEL;tangerina_sunki;15;4;1;0;0
EEL;tangerina_sunki;15;4;2;0;0
EEL;tangerina_sunki;15;4;3;3,5;0,429
EEL;tangerina_sunki;15;4;4;0;0
EEL;tangerina_sunki;15;4;5;0;0
EEL;tangerina_sunki;15;4;6;0;0
EEL;tangerina_sunki;15;4;7;0;0
EEL;tangerina_sunki;15;4;8;0;0
EEL;tangerina_sunki;15;4;9;0;0
EEL;tangerina_sunki;15;4;10;0;0
EEL;tangerina_sunki;15;5;1;0;0
EEL;tangerina_sunki;15;5;2;0;0
EEL;tangerina_sunki;15;5;3;0;0
EEL;tangerina_sunki;15;5;4;0;0
EEL;tangerina_sunki;15;5;5;0;0
EEL;tangerina_sunki;15;5;6;0;0
EEL;tangerina_sunki;15;5;7;0;0
EEL;tangerina_sunki;15;5;8;0;0
EEL;tangerina_sunki;15;5;9;1;0,538
EEL;tangerina_sunki;15;5;10;2,5;0,474
EEL;tangerina_sunki;15;6;1;0;0
EEL;tangerina_sunki;15;6;2;0;0
EEL;tangerina_sunki;15;6;3;0;0
EEL;tangerina_sunki;15;6;4;0;0
EEL;tangerina_sunki;15;6;5;0;0
EEL;tangerina_sunki;15;6;6;0;0
EEL;tangerina_sunki;15;6;7;0;0
EEL;tangerina_sunki;15;6;8;0;0
EEL;tangerina_sunki;15;6;9;3;0,091
EEL;tangerina_sunki;15;6;10;0;0
N59;tangerina_sunki;16;2;1;0;0
N59;tangerina_sunki;16;2;2;0,5;0,026
N59;tangerina_sunki;16;2;3;0;0
N59;tangerina_sunki;16;2;4;0;0
N59;tangerina_sunki;16;2;5;0;0
N59;tangerina_sunki;16;2;6;0;0
N59;tangerina_sunki;16;2;7;0;0
N59;tangerina_sunki;16;2;8;0;0
N59;tangerina_sunki;16;2;9;0,5;0,023
N59;tangerina_sunki;16;2;10;0;0
N59;tangerina_sunki;16;3;1;0;0
N59;tangerina_sunki;16;3;2;0;0
N59;tangerina_sunki;16;3;3;0;0
N59;tangerina_sunki;16;3;4;0;0
N59;tangerina_sunki;16;3;5;0;0
N59;tangerina_sunki;16;3;6;0,5;0,021
N59;tangerina_sunki;16;3;7;0;0
N59;tangerina_sunki;16;3;8;0;0
N59;tangerina_sunki;16;3;9;0;0
N59;tangerina_sunki;16;3;10;0;0
N59;tangerina_sunki;16;4;1;1;0,024
N59;tangerina_sunki;16;4;2;0;0
N59;tangerina_sunki;16;4;3;0,3;0,087
N59;tangerina_sunki;16;4;4;0;0
N59;tangerina_sunki;16;4;5;0;0
N59;tangerina_sunki;16;4;6;0;0
N59;tangerina_sunki;16;4;7;0;0
N59;tangerina_sunki;16;4;8;0;0
N59;tangerina_sunki;16;4;9;0;0
N59;tangerina_sunki;16;4;10;0;0
N59;tangerina_sunki;16;5;1;0;0
N59;tangerina_sunki;16;5;2;0,5;0,085
N59;tangerina_sunki;16;5;3;0;0
N59;tangerina_sunki;16;5;4;0;0
N59;tangerina_sunki;16;5;5;0;0
N59;tangerina_sunki;16;5;6;0,5;0,023
N59;tangerina_sunki;16;5;7;0;0
N59;tangerina_sunki;16;5;8;0;0
N59;tangerina_sunki;16;5;9;0;0
N59;tangerina_sunki;16;5;10;0;0
N59;tangerina_sunki;16;6;1;0;0
N59;tangerina_sunki;16;6;2;0;0
N59;tangerina_sunki;16;6;3;0;0
N59;tangerina_sunki;16;6;4;0;0
N59;tangerina_sunki;16;6;5;0;0
N59;tangerina_sunki;16;6;6;0;0
N59;tangerina_sunki;16;6;7;0,5;0,095
N59;tangerina_sunki;16;6;8;0,5;0,029
N59;tangerina_sunki;16;6;9;0;0
N59;tangerina_sunki;16;6;10;0,5;0,065
N58;tangerina_sunki;17;2;1;1;0,042
N58;tangerina_sunki;17;2;2;0;0
N58;tangerina_sunki;17;2;3;0;0
N58;tangerina_sunki;17;2;4;0;0
N58;tangerina_sunki;17;2;5;0;0
N58;tangerina_sunki;17;2;6;1;0,036
N58;tangerina_sunki;17;2;7;0;0
N58;tangerina_sunki;17;2;8;0;0
N58;tangerina_sunki;17;2;9;0;0
N58;tangerina_sunki;17;2;10;0;0
N58;tangerina_sunki;17;3;1;0;0
N58;tangerina_sunki;17;3;2;0,3;0,073
N58;tangerina_sunki;17;3;3;0;0
N58;tangerina_sunki;17;3;4;1;0,043
N58;tangerina_sunki;17;3;5;0;0
N58;tangerina_sunki;17;3;6;0;0
N58;tangerina_sunki;17;3;7;0;0
N58;tangerina_sunki;17;3;8;0;0
N58;tangerina_sunki;17;3;9;0;0
N58;tangerina_sunki;17;3;10;0;0
N58;tangerina_sunki;17;4;1;0;0
N58;tangerina_sunki;17;4;2;0,2;0,167
N58;tangerina_sunki;17;4;3;0,5;0,056
N58;tangerina_sunki;17;4;4;0,2;0,043
N58;tangerina_sunki;17;4;5;0;0
N58;tangerina_sunki;17;4;6;0,2;0,021
N58;tangerina_sunki;17;4;7;0;0
N58;tangerina_sunki;17;4;8;0;0
N58;tangerina_sunki;17;4;9;0;0
N58;tangerina_sunki;17;4;10;0,2;0,067
N58;tangerina_sunki;17;5;1;1;0,182
N58;tangerina_sunki;17;5;2;2;0,086
N58;tangerina_sunki;17;5;3;2;0,069
N58;tangerina_sunki;17;5;4;0;0
N58;tangerina_sunki;17;5;5;1;0,03
N58;tangerina_sunki;17;5;6;3;0,08
N58;tangerina_sunki;17;5;7;1;0,071
N58;tangerina_sunki;17;5;8;2;0,069
N58;tangerina_sunki;17;5;9;2;0,5
N58;tangerina_sunki;17;5;10;0;0
N58;tangerina_sunki;17;6;1;0;0
N58;tangerina_sunki;17;6;2;0,5;0,061
N58;tangerina_sunki;17;6;3;1,5;0,161
N58;tangerina_sunki;17;6;4;1;0,034
N58;tangerina_sunki;17;6;5;0;0
N58;tangerina_sunki;17;6;6;2;0,29
N58;tangerina_sunki;17;6;7;0;0
N58;tangerina_sunki;17;6;8;0;0
N58;tangerina_sunki;17;6;9;0;0
N58;tangerina_sunki;17;6;10;0;0
Arapongas;tangerina_sunki;18;2;1;0;0
Arapongas;tangerina_sunki;18;2;2;0;0
Arapongas;tangerina_sunki;18;2;3;0,5;0,12
Arapongas;tangerina_sunki;18;2;4;0;0
Arapongas;tangerina_sunki;18;2;5;0;0
Arapongas;tangerina_sunki;18;2;6;0;0
Arapongas;tangerina_sunki;18;2;7;0;0
Arapongas;tangerina_sunki;18;2;8;0;0
Arapongas;tangerina_sunki;18;2;9;0;0
Arapongas;tangerina_sunki;18;2;10;0;0
Arapongas;tangerina_sunki;18;3;1;0;0
Arapongas;tangerina_sunki;18;3;2;0,1;0,023
Arapongas;tangerina_sunki;18;3;3;0,1;0,057
Arapongas;tangerina_sunki;18;3;4;1,5;0,385
Arapongas;tangerina_sunki;18;3;5;0;0
Arapongas;tangerina_sunki;18;3;6;0;0
Arapongas;tangerina_sunki;18;3;7;0;0
Arapongas;tangerina_sunki;18;3;8;0;0
Arapongas;tangerina_sunki;18;3;9;0;0
Arapongas;tangerina_sunki;18;3;10;0;0
Arapongas;tangerina_sunki;18;4;1;0;0
Arapongas;tangerina_sunki;18;4;2;0;0
Arapongas;tangerina_sunki;18;4;3;1;0,091
Arapongas;tangerina_sunki;18;4;4;0;0
Arapongas;tangerina_sunki;18;4;5;0;0
Arapongas;tangerina_sunki;18;4;6;0;0
Arapongas;tangerina_sunki;18;4;7;0;0
Arapongas;tangerina_sunki;18;4;8;0;0
Arapongas;tangerina_sunki;18;4;9;0;0
Arapongas;tangerina_sunki;18;4;10;0;0
Arapongas;tangerina_sunki;18;5;1;0,8;0,25
Arapongas;tangerina_sunki;18;5;2;0,3;0,167
Arapongas;tangerina_sunki;18;5;3;0,4;0,091
Arapongas;tangerina_sunki;18;5;4;0,3;0,074
Arapongas;tangerina_sunki;18;5;5;0;0
Arapongas;tangerina_sunki;18;5;6;0;0
Arapongas;tangerina_sunki;18;5;7;0;0
Arapongas;tangerina_sunki;18;5;8;0,1;0,056
Arapongas;tangerina_sunki;18;5;9;0,7;0,25
Arapongas;tangerina_sunki;18;5;10;0;0
Arapongas;tangerina_sunki;18;6;1;0;0
Arapongas;tangerina_sunki;18;6;2;0,5;0,036
Arapongas;tangerina_sunki;18;6;3;0,3;0,158
Arapongas;tangerina_sunki;18;6;4;0;0
Arapongas;tangerina_sunki;18;6;5;0;0
Arapongas;tangerina_sunki;18;6;6;0;0
Arapongas;tangerina_sunki;18;6;7;0;0
Arapongas;tangerina_sunki;18;6;8;0;0
Arapongas;tangerina_sunki;18;6;9;0;0
Arapongas;tangerina_sunki;18;6;10;0,1;0,038
IpiguaIAC;tangerina_cleopatra;19;2;1;0;0
IpiguaIAC;tangerina_cleopatra;19;2;2;0;0
IpiguaIAC;tangerina_cleopatra;19;2;3;0;0
IpiguaIAC;tangerina_cleopatra;19;2;4;0;0
IpiguaIAC;tangerina_cleopatra;19;2;5;0;0
IpiguaIAC;tangerina_cleopatra;19;2;6;0,5;0,042
IpiguaIAC;tangerina_cleopatra;19;2;7;0;0
IpiguaIAC;tangerina_cleopatra;19;2;8;0;0
IpiguaIAC;tangerina_cleopatra;19;2;9;0;0
IpiguaIAC;tangerina_cleopatra;19;2;10;0;0
IpiguaIAC;tangerina_cleopatra;19;3;1;0;0
IpiguaIAC;tangerina_cleopatra;19;3;2;0;0
IpiguaIAC;tangerina_cleopatra;19;3;3;0;0
IpiguaIAC;tangerina_cleopatra;19;3;4;0;0
IpiguaIAC;tangerina_cleopatra;19;3;5;0;0
IpiguaIAC;tangerina_cleopatra;19;3;6;0;0
IpiguaIAC;tangerina_cleopatra;19;3;7;0;0
IpiguaIAC;tangerina_cleopatra;19;3;8;1;0,19
IpiguaIAC;tangerina_cleopatra;19;3;9;0;0
IpiguaIAC;tangerina_cleopatra;19;3;10;0;0
IpiguaIAC;tangerina_cleopatra;19;4;1;0;0
IpiguaIAC;tangerina_cleopatra;19;4;2;0;0
IpiguaIAC;tangerina_cleopatra;19;4;3;0;0
IpiguaIAC;tangerina_cleopatra;19;4;4;0;0
IpiguaIAC;tangerina_cleopatra;19;4;5;0;0
IpiguaIAC;tangerina_cleopatra;19;4;6;0;0
IpiguaIAC;tangerina_cleopatra;19;4;7;0;0
IpiguaIAC;tangerina_cleopatra;19;4;8;0;0
IpiguaIAC;tangerina_cleopatra;19;4;9;0;0
IpiguaIAC;tangerina_cleopatra;19;4;10;0;0
IpiguaIAC;tangerina_cleopatra;19;5;1;0;0
IpiguaIAC;tangerina_cleopatra;19;5;2;0,5;0,073
IpiguaIAC;tangerina_cleopatra;19;5;3;0;0
IpiguaIAC;tangerina_cleopatra;19;5;4;0;0
IpiguaIAC;tangerina_cleopatra;19;5;5;0;0
IpiguaIAC;tangerina_cleopatra;19;5;6;0;0
IpiguaIAC;tangerina_cleopatra;19;5;7;0;0
IpiguaIAC;tangerina_cleopatra;19;5;8;0;0
IpiguaIAC;tangerina_cleopatra;19;5;9;0;0
IpiguaIAC;tangerina_cleopatra;19;5;10;0;0
IpiguaIAC;tangerina_cleopatra;19;6;1;0;0
IpiguaIAC;tangerina_cleopatra;19;6;2;0,5;0,063
IpiguaIAC;tangerina_cleopatra;19;6;3;0;0
IpiguaIAC;tangerina_cleopatra;19;6;4;0;0
IpiguaIAC;tangerina_cleopatra;19;6;5;0,3;0,03
IpiguaIAC;tangerina_cleopatra;19;6;6;0;0
IpiguaIAC;tangerina_cleopatra;19;6;7;0;0
IpiguaIAC;tangerina_cleopatra;19;6;8;0;0
IpiguaIAC;tangerina_cleopatra;19;6;9;0;0
IpiguaIAC;tangerina_cleopatra;19;6;10;0;0
IAC;tangerina_cleopatra;20;2;1;0;0
IAC;tangerina_cleopatra;20;2;2;0;0
IAC;tangerina_cleopatra;20;2;3;0;0
IAC;tangerina_cleopatra;20;2;4;0;0
IAC;tangerina_cleopatra;20;2;5;0;0
IAC;tangerina_cleopatra;20;2;6;0;0
IAC;tangerina_cleopatra;20;2;7;0;0
IAC;tangerina_cleopatra;20;2;8;0;0
IAC;tangerina_cleopatra;20;2;9;0;0
IAC;tangerina_cleopatra;20;2;10;0,5;0,024
IAC;tangerina_cleopatra;20;3;1;0;0
IAC;tangerina_cleopatra;20;3;2;0;0
IAC;tangerina_cleopatra;20;3;3;0;0
IAC;tangerina_cleopatra;20;3;4;0,5;0,104
IAC;tangerina_cleopatra;20;3;5;0;0
IAC;tangerina_cleopatra;20;3;6;0;0
IAC;tangerina_cleopatra;20;3;7;0;0
IAC;tangerina_cleopatra;20;3;8;0;0
IAC;tangerina_cleopatra;20;3;9;1;0,074
IAC;tangerina_cleopatra;20;3;10;0;0
IAC;tangerina_cleopatra;20;4;1;0;0
IAC;tangerina_cleopatra;20;4;2;0;0
IAC;tangerina_cleopatra;20;4;3;0;0
IAC;tangerina_cleopatra;20;4;4;0;0
IAC;tangerina_cleopatra;20;4;5;0;0
IAC;tangerina_cleopatra;20;4;6;0;0
IAC;tangerina_cleopatra;20;4;7;1;0,048
IAC;tangerina_cleopatra;20;4;8;0;0
IAC;tangerina_cleopatra;20;4;9;0,4;0,021
IAC;tangerina_cleopatra;20;4;10;0,5;0,048
IAC;tangerina_cleopatra;20;5;1;0;0
IAC;tangerina_cleopatra;20;5;2;0,5;0,125
IAC;tangerina_cleopatra;20;5;3;0;0
IAC;tangerina_cleopatra;20;5;4;0;0
IAC;tangerina_cleopatra;20;5;5;0;0
IAC;tangerina_cleopatra;20;5;6;0;0
IAC;tangerina_cleopatra;20;5;7;0;0
IAC;tangerina_cleopatra;20;5;8;0;0
IAC;tangerina_cleopatra;20;5;9;0,2;0,033
IAC;tangerina_cleopatra;20;5;10;0;0
IAC;tangerina_cleopatra;20;6;1;0,2;0,095
IAC;tangerina_cleopatra;20;6;2;0;0
IAC;tangerina_cleopatra;20;6;3;0,2;0,029
IAC;tangerina_cleopatra;20;6;4;0;0
IAC;tangerina_cleopatra;20;6;5;0,2;0,05
IAC;tangerina_cleopatra;20;6;6;0,1;0,026
IAC;tangerina_cleopatra;20;6;7;0;0
IAC;tangerina_cleopatra;20;6;8;0;0
IAC;tangerina_cleopatra;20;6;9;0;0
IAC;tangerina_cleopatra;20;6;10;0;0
Bianchi;tangerina_cleopatra;21;2;1;0;0
Bianchi;tangerina_cleopatra;21;2;2;0;0
Bianchi;tangerina_cleopatra;21;2;3;0;0
Bianchi;tangerina_cleopatra;21;2;4;0;0
Bianchi;tangerina_cleopatra;21;2;5;0,5;0,143
Bianchi;tangerina_cleopatra;21;2;6;0;0
Bianchi;tangerina_cleopatra;21;2;7;0;0
Bianchi;tangerina_cleopatra;21;2;8;1;0,158
Bianchi;tangerina_cleopatra;21;2;9;0;0
Bianchi;tangerina_cleopatra;21;2;10;0;0
Bianchi;tangerina_cleopatra;21;3;1;0;0
Bianchi;tangerina_cleopatra;21;3;2;0;0
Bianchi;tangerina_cleopatra;21;3;3;0,1;0,029
Bianchi;tangerina_cleopatra;21;3;4;0;0
Bianchi;tangerina_cleopatra;21;3;5;0;0
Bianchi;tangerina_cleopatra;21;3;6;2;0,213
Bianchi;tangerina_cleopatra;21;3;7;0,1;0,024
Bianchi;tangerina_cleopatra;21;3;8;0;0
Bianchi;tangerina_cleopatra;21;3;9;3,5;0,211
Bianchi;tangerina_cleopatra;21;3;10;0;0
Bianchi;tangerina_cleopatra;21;4;1;0;0
Bianchi;tangerina_cleopatra;21;4;2;0;0
Bianchi;tangerina_cleopatra;21;4;3;0;0
Bianchi;tangerina_cleopatra;21;4;4;0;0
Bianchi;tangerina_cleopatra;21;4;5;0,2;0,039
Bianchi;tangerina_cleopatra;21;4;6;0;0
Bianchi;tangerina_cleopatra;21;4;7;0;0
Bianchi;tangerina_cleopatra;21;4;8;0,2;0,071
Bianchi;tangerina_cleopatra;21;4;9;0;0
Bianchi;tangerina_cleopatra;21;4;10;0;0
Bianchi;tangerina_cleopatra;21;5;1;0;0
Bianchi;tangerina_cleopatra;21;5;2;0;0
Bianchi;tangerina_cleopatra;21;5;3;0,5;0,07
Bianchi;tangerina_cleopatra;21;5;4;0;0
Bianchi;tangerina_cleopatra;21;5;5;0,5;0,043
Bianchi;tangerina_cleopatra;21;5;6;0;0
Bianchi;tangerina_cleopatra;21;5;7;0;0
Bianchi;tangerina_cleopatra;21;5;8;0;0
Bianchi;tangerina_cleopatra;21;5;9;0,5;0,116
Bianchi;tangerina_cleopatra;21;5;10;0,5;0,097
Bianchi;tangerina_cleopatra;21;6;1;0;0
Bianchi;tangerina_cleopatra;21;6;2;0,5;0,08
Bianchi;tangerina_cleopatra;21;6;3;0,5;0,135
Bianchi;tangerina_cleopatra;21;6;4;0;0
Bianchi;tangerina_cleopatra;21;6;5;0,5;0,116
Bianchi;tangerina_cleopatra;21;6;6;0;0
Bianchi;tangerina_cleopatra;21;6;7;0;0
Bianchi;tangerina_cleopatra;21;6;8;0;0
Bianchi;tangerina_cleopatra;21;6;9;0;0
Bianchi;tangerina_cleopatra;21;6;10;0;0
IAC_2000;tangerina_cleopatra;22;2;1;0;0
IAC_2000;tangerina_cleopatra;22;2;2;0;0
IAC_2000;tangerina_cleopatra;22;2;3;1,5;0,257
IAC_2000;tangerina_cleopatra;22;2;4;0,5;0,067
IAC_2000;tangerina_cleopatra;22;2;5;0,5;0,026
IAC_2000;tangerina_cleopatra;22;2;6;0;0
IAC_2000;tangerina_cleopatra;22;2;7;0;0
IAC_2000;tangerina_cleopatra;22;2;8;0;0
IAC_2000;tangerina_cleopatra;22;2;9;0;0
IAC_2000;tangerina_cleopatra;22;2;10;0;0
IAC_2000;tangerina_cleopatra;22;3;1;0,5;0,02
IAC_2000;tangerina_cleopatra;22;3;2;0,5;0,125
IAC_2000;tangerina_cleopatra;22;3;3;1,5;0,311
IAC_2000;tangerina_cleopatra;22;3;4;0,5;0,098
IAC_2000;tangerina_cleopatra;22;3;5;0,5;0,043
IAC_2000;tangerina_cleopatra;22;3;6;0;0
IAC_2000;tangerina_cleopatra;22;3;7;0;0
IAC_2000;tangerina_cleopatra;22;3;8;0;0
IAC_2000;tangerina_cleopatra;22;3;9;0;0
IAC_2000;tangerina_cleopatra;22;3;10;0;0
IAC_2000;tangerina_cleopatra;22;4;1;0;0
IAC_2000;tangerina_cleopatra;22;4;2;0;0
IAC_2000;tangerina_cleopatra;22;4;3;0;0
IAC_2000;tangerina_cleopatra;22;4;4;0;0
IAC_2000;tangerina_cleopatra;22;4;5;0;0
IAC_2000;tangerina_cleopatra;22;4;6;0;0
IAC_2000;tangerina_cleopatra;22;4;7;0,1;0,02
IAC_2000;tangerina_cleopatra;22;4;8;0,1;0,12
IAC_2000;tangerina_cleopatra;22;4;9;0;0
IAC_2000;tangerina_cleopatra;22;4;10;0;0
IAC_2000;tangerina_cleopatra;22;5;1;0;0
IAC_2000;tangerina_cleopatra;22;5;2;0;0
IAC_2000;tangerina_cleopatra;22;5;3;0;0
IAC_2000;tangerina_cleopatra;22;5;4;0;0
IAC_2000;tangerina_cleopatra;22;5;5;0;0
IAC_2000;tangerina_cleopatra;22;5;6;0,1;0,083
IAC_2000;tangerina_cleopatra;22;5;7;0,6;0,333
IAC_2000;tangerina_cleopatra;22;5;8;0,3;0,154
IAC_2000;tangerina_cleopatra;22;5;9;0,4;0,231
IAC_2000;tangerina_cleopatra;22;5;10;0;0
IAC_2000;tangerina_cleopatra;22;6;1;0;0
IAC_2000;tangerina_cleopatra;22;6;2;0;0
IAC_2000;tangerina_cleopatra;22;6;3;0;0
IAC_2000;tangerina_cleopatra;22;6;4;0;0
IAC_2000;tangerina_cleopatra;22;6;5;0;0
IAC_2000;tangerina_cleopatra;22;6;6;0;0
IAC_2000;tangerina_cleopatra;22;6;7;0;0
IAC_2000;tangerina_cleopatra;22;6;8;0;0
IAC_2000;tangerina_cleopatra;22;6;9;0;0
IAC_2000;tangerina_cleopatra;22;6;10;0,5;0,154
Olimpia;tangerina_cleopatra;23;2;1;1;0,043
Olimpia;tangerina_cleopatra;23;2;2;0;0
Olimpia;tangerina_cleopatra;23;2;3;0,5;0,02
Olimpia;tangerina_cleopatra;23;2;4;0;0
Olimpia;tangerina_cleopatra;23;2;5;0;0
Olimpia;tangerina_cleopatra;23;2;6;0;0
Olimpia;tangerina_cleopatra;23;2;7;0;0
Olimpia;tangerina_cleopatra;23;2;8;0;0
Olimpia;tangerina_cleopatra;23;2;9;0;0
Olimpia;tangerina_cleopatra;23;2;10;0;0
Olimpia;tangerina_cleopatra;23;3;1;3,5;0,313
Olimpia;tangerina_cleopatra;23;3;2;1,5;0,034
Olimpia;tangerina_cleopatra;23;3;3;0;0
Olimpia;tangerina_cleopatra;23;3;4;0;0
Olimpia;tangerina_cleopatra;23;3;5;0;0
Olimpia;tangerina_cleopatra;23;3;6;0;0
Olimpia;tangerina_cleopatra;23;3;7;0;0
Olimpia;tangerina_cleopatra;23;3;8;0;0
Olimpia;tangerina_cleopatra;23;3;9;0;0
Olimpia;tangerina_cleopatra;23;3;10;0;0
Olimpia;tangerina_cleopatra;23;4;1;0;0
Olimpia;tangerina_cleopatra;23;4;2;0;0
Olimpia;tangerina_cleopatra;23;4;3;0;0
Olimpia;tangerina_cleopatra;23;4;4;0;0
Olimpia;tangerina_cleopatra;23;4;5;0;0
Olimpia;tangerina_cleopatra;23;4;6;0;0
Olimpia;tangerina_cleopatra;23;4;7;0;0
Olimpia;tangerina_cleopatra;23;4;8;0;0
Olimpia;tangerina_cleopatra;23;4;9;0,2;0,029
Olimpia;tangerina_cleopatra;23;4;10;0,2;0,054
Olimpia;tangerina_cleopatra;23;5;1;0;0
Olimpia;tangerina_cleopatra;23;5;2;0;0
Olimpia;tangerina_cleopatra;23;5;3;0;0
Olimpia;tangerina_cleopatra;23;5;4;0,5;0,118
Olimpia;tangerina_cleopatra;23;5;5;0;0
Olimpia;tangerina_cleopatra;23;5;6;0;0
Olimpia;tangerina_cleopatra;23;5;7;0;0
Olimpia;tangerina_cleopatra;23;5;8;0;0
Olimpia;tangerina_cleopatra;23;5;9;0,5;0,025
Olimpia;tangerina_cleopatra;23;5;10;2;0,2
Olimpia;tangerina_cleopatra;23;6;1;0;0
Olimpia;tangerina_cleopatra;23;6;2;0;0
Olimpia;tangerina_cleopatra;23;6;3;0;0
Olimpia;tangerina_cleopatra;23;6;4;0;0
Olimpia;tangerina_cleopatra;23;6;5;0,2;0,061
Olimpia;tangerina_cleopatra;23;6;6;0;0
Olimpia;tangerina_cleopatra;23;6;7;0;0
Olimpia;tangerina_cleopatra;23;6;8;0,5;0,276
Olimpia;tangerina_cleopatra;23;6;9;0,8;0,276
Olimpia;tangerina_cleopatra;23;6;10;1;0,643
EEL;tangerina_cleopatra;24;2;1;0,2;0,029
EEL;tangerina_cleopatra;24;2;2;0;0
EEL;tangerina_cleopatra;24;2;3;0;0
EEL;tangerina_cleopatra;24;2;4;0;0
EEL;tangerina_cleopatra;24;2;5;0;0
EEL;tangerina_cleopatra;24;2;6;0;0
EEL;tangerina_cleopatra;24;2;7;0;0
EEL;tangerina_cleopatra;24;2;8;0;0
EEL;tangerina_cleopatra;24;2;9;0;0
EEL;tangerina_cleopatra;24;2;10;0;0
EEL;tangerina_cleopatra;24;3;1;0,5;0,093
EEL;tangerina_cleopatra;24;3;2;0;0
EEL;tangerina_cleopatra;24;3;3;1;0,2
EEL;tangerina_cleopatra;24;3;4;0;0
EEL;tangerina_cleopatra;24;3;5;0;0
EEL;tangerina_cleopatra;24;3;6;0;0
EEL;tangerina_cleopatra;24;3;7;0,2;0,047
EEL;tangerina_cleopatra;24;3;8;0;0
EEL;tangerina_cleopatra;24;3;9;0,2;0,15
EEL;tangerina_cleopatra;24;3;10;0;0
EEL;tangerina_cleopatra;24;4;1;0;0
EEL;tangerina_cleopatra;24;4;2;0;0
EEL;tangerina_cleopatra;24;4;3;0;0
EEL;tangerina_cleopatra;24;4;4;0;0
EEL;tangerina_cleopatra;24;4;5;0;0
EEL;tangerina_cleopatra;24;4;6;0;0
EEL;tangerina_cleopatra;24;4;7;0;0
EEL;tangerina_cleopatra;24;4;8;0;0
EEL;tangerina_cleopatra;24;4;9;0;0
EEL;tangerina_cleopatra;24;4;10;0,3;0,25
EEL;tangerina_cleopatra;24;5;1;0;0
EEL;tangerina_cleopatra;24;5;2;0;0
EEL;tangerina_cleopatra;24;5;3;1;0,071
EEL;tangerina_cleopatra;24;5;4;0;0
EEL;tangerina_cleopatra;24;5;5;0;0
EEL;tangerina_cleopatra;24;5;6;0;0
EEL;tangerina_cleopatra;24;5;7;1;0,143
EEL;tangerina_cleopatra;24;5;8;4;0,192
EEL;tangerina_cleopatra;24;5;9;2;0,24
EEL;tangerina_cleopatra;24;5;10;0;0
EEL;tangerina_cleopatra;24;6;1;0;0
EEL;tangerina_cleopatra;24;6;2;0;0
EEL;tangerina_cleopatra;24;6;3;0;0
EEL;tangerina_cleopatra;24;6;4;0,5;0,098
EEL;tangerina_cleopatra;24;6;5;0;0
EEL;tangerina_cleopatra;24;6;6;0;0
EEL;tangerina_cleopatra;24;6;7;0;0
EEL;tangerina_cleopatra;24;6;8;0,5;0,071
EEL;tangerina_cleopatra;24;6;9;2;0,184
EEL;tangerina_cleopatra;24;6;10;0;0
N59;tangerina_cleopatra;25;2;1;0;0
N59;tangerina_cleopatra;25;2;2;0;0
N59;tangerina_cleopatra;25;2;3;0,5;0,056
N59;tangerina_cleopatra;25;2;4;0;0
N59;tangerina_cleopatra;25;2;5;0;0
N59;tangerina_cleopatra;25;2;6;0;0
N59;tangerina_cleopatra;25;2;7;1;0,05
N59;tangerina_cleopatra;25;2;8;0;0
N59;tangerina_cleopatra;25;2;9;0;0
N59;tangerina_cleopatra;25;2;10;0;0
N59;tangerina_cleopatra;25;3;1;0;0
N59;tangerina_cleopatra;25;3;2;0;0
N59;tangerina_cleopatra;25;3;3;0,5;0,07
N59;tangerina_cleopatra;25;3;4;0;0
N59;tangerina_cleopatra;25;3;5;0,5;0,048
N59;tangerina_cleopatra;25;3;6;0;0
N59;tangerina_cleopatra;25;3;7;0;0
N59;tangerina_cleopatra;25;3;8;0,5;0,039
N59;tangerina_cleopatra;25;3;9;0,5;0,051
N59;tangerina_cleopatra;25;3;10;0;0
N59;tangerina_cleopatra;25;4;1;0;0
N59;tangerina_cleopatra;25;4;2;0;0
N59;tangerina_cleopatra;25;4;3;0;0
N59;tangerina_cleopatra;25;4;4;0;0
N59;tangerina_cleopatra;25;4;5;0;0
N59;tangerina_cleopatra;25;4;6;0;0
N59;tangerina_cleopatra;25;4;7;0;0
N59;tangerina_cleopatra;25;4;8;0;0
N59;tangerina_cleopatra;25;4;9;0;0
N59;tangerina_cleopatra;25;4;10;0;0
N59;tangerina_cleopatra;25;5;1;0;0
N59;tangerina_cleopatra;25;5;2;0;0
N59;tangerina_cleopatra;25;5;3;0,3;0,074
N59;tangerina_cleopatra;25;5;4;0;0
N59;tangerina_cleopatra;25;5;5;0,8;0,067
N59;tangerina_cleopatra;25;5;6;0;0
N59;tangerina_cleopatra;25;5;7;0;0
N59;tangerina_cleopatra;25;5;8;0;0
N59;tangerina_cleopatra;25;5;9;0;0
N59;tangerina_cleopatra;25;5;10;0;0
N59;tangerina_cleopatra;25;6;1;0;0
N59;tangerina_cleopatra;25;6;2;0;0
N59;tangerina_cleopatra;25;6;3;0;0
N59;tangerina_cleopatra;25;6;4;0;0
N59;tangerina_cleopatra;25;6;5;0;0
N59;tangerina_cleopatra;25;6;6;0;0
N59;tangerina_cleopatra;25;6;7;0;0
N59;tangerina_cleopatra;25;6;8;0;0
N59;tangerina_cleopatra;25;6;9;0,1;0,033
N59;tangerina_cleopatra;25;6;10;0;0
N58;tangerina_cleopatra;26;2;1;0;0
N58;tangerina_cleopatra;26;2;2;0;0
N58;tangerina_cleopatra;26;2;3;0;0
N58;tangerina_cleopatra;26;2;4;0;0
N58;tangerina_cleopatra;26;2;5;0;0
N58;tangerina_cleopatra;26;2;6;0;0
N58;tangerina_cleopatra;26;2;7;0;0
N58;tangerina_cleopatra;26;2;8;0;0
N58;tangerina_cleopatra;26;2;9;0;0
N58;tangerina_cleopatra;26;2;10;0;0
N58;tangerina_cleopatra;26;3;1;0,3;0,017
N58;tangerina_cleopatra;26;3;2;0;0
N58;tangerina_cleopatra;26;3;3;1;0,077
N58;tangerina_cleopatra;26;3;4;0;0
N58;tangerina_cleopatra;26;3;5;0;0
N58;tangerina_cleopatra;26;3;6;0;0
N58;tangerina_cleopatra;26;3;7;0;0
N58;tangerina_cleopatra;26;3;8;0;0
N58;tangerina_cleopatra;26;3;9;0;0
N58;tangerina_cleopatra;26;3;10;0;0
N58;tangerina_cleopatra;26;4;1;0;0
N58;tangerina_cleopatra;26;4;2;0;0
N58;tangerina_cleopatra;26;4;3;0;0
N58;tangerina_cleopatra;26;4;4;0;0
N58;tangerina_cleopatra;26;4;5;0;0
N58;tangerina_cleopatra;26;4;6;0;0
N58;tangerina_cleopatra;26;4;7;0;0
N58;tangerina_cleopatra;26;4;8;0;0
N58;tangerina_cleopatra;26;4;9;0;0
N58;tangerina_cleopatra;26;4;10;0;0
N58;tangerina_cleopatra;26;5;1;0;0
N58;tangerina_cleopatra;26;5;2;0;0
N58;tangerina_cleopatra;26;5;3;0;0
N58;tangerina_cleopatra;26;5;4;0;0
N58;tangerina_cleopatra;26;5;5;0;0
N58;tangerina_cleopatra;26;5;6;0;0
N58;tangerina_cleopatra;26;5;7;0,5;0,038
N58;tangerina_cleopatra;26;5;8;0;0
N58;tangerina_cleopatra;26;5;9;0,5;0,057
N58;tangerina_cleopatra;26;5;10;0;0
N58;tangerina_cleopatra;26;6;1;0;0
N58;tangerina_cleopatra;26;6;2;0;0
N58;tangerina_cleopatra;26;6;3;0,5;0,163
N58;tangerina_cleopatra;26;6;4;0;0
N58;tangerina_cleopatra;26;6;5;0,5;0,079
N58;tangerina_cleopatra;26;6;6;0;0
N58;tangerina_cleopatra;26;6;7;0;0
N58;tangerina_cleopatra;26;6;8;0;0
N58;tangerina_cleopatra;26;6;9;0;0
N58;tangerina_cleopatra;26;6;10;0;0
Arapongas;tangerina_cleopatra;27;2;1;0;0
Arapongas;tangerina_cleopatra;27;2;2;0;0
Arapongas;tangerina_cleopatra;27;2;3;0;0
Arapongas;tangerina_cleopatra;27;2;4;0;0
Arapongas;tangerina_cleopatra;27;2;5;0;0
Arapongas;tangerina_cleopatra;27;2;6;0;0
Arapongas;tangerina_cleopatra;27;2;7;0;0
Arapongas;tangerina_cleopatra;27;2;8;0;0
Arapongas;tangerina_cleopatra;27;2;9;0;0
Arapongas;tangerina_cleopatra;27;2;10;0;0
Arapongas;tangerina_cleopatra;27;3;1;0;0
Arapongas;tangerina_cleopatra;27;3;2;0;0
Arapongas;tangerina_cleopatra;27;3;3;0;0
Arapongas;tangerina_cleopatra;27;3;4;0;0
Arapongas;tangerina_cleopatra;27;3;5;0;0
Arapongas;tangerina_cleopatra;27;3;6;0;0
Arapongas;tangerina_cleopatra;27;3;7;0;0
Arapongas;tangerina_cleopatra;27;3;8;0;0
Arapongas;tangerina_cleopatra;27;3;9;0;0
Arapongas;tangerina_cleopatra;27;3;10;0;0
Arapongas;tangerina_cleopatra;27;4;1;0;0
Arapongas;tangerina_cleopatra;27;4;2;0;0
Arapongas;tangerina_cleopatra;27;4;3;0;0
Arapongas;tangerina_cleopatra;27;4;4;0;0
Arapongas;tangerina_cleopatra;27;4;5;0;0
Arapongas;tangerina_cleopatra;27;4;6;0;0
Arapongas;tangerina_cleopatra;27;4;7;0;0
Arapongas;tangerina_cleopatra;27;4;8;0;0
Arapongas;tangerina_cleopatra;27;4;9;0;0
Arapongas;tangerina_cleopatra;27;4;10;0;0
Arapongas;tangerina_cleopatra;27;5;1;0;0
Arapongas;tangerina_cleopatra;27;5;2;0;0
Arapongas;tangerina_cleopatra;27;5;3;0;0
Arapongas;tangerina_cleopatra;27;5;4;0;0
Arapongas;tangerina_cleopatra;27;5;5;0;0
Arapongas;tangerina_cleopatra;27;5;6;0;0
Arapongas;tangerina_cleopatra;27;5;7;0;0
Arapongas;tangerina_cleopatra;27;5;8;0;0
Arapongas;tangerina_cleopatra;27;5;9;0;0
Arapongas;tangerina_cleopatra;27;5;10;0;0
Arapongas;tangerina_cleopatra;27;6;1;0;0
Arapongas;tangerina_cleopatra;27;6;2;0;0
Arapongas;tangerina_cleopatra;27;6;3;0;0
Arapongas;tangerina_cleopatra;27;6;4;0;0
Arapongas;tangerina_cleopatra;27;6;5;0;0
Arapongas;tangerina_cleopatra;27;6;6;0;0
Arapongas;tangerina_cleopatra;27;6;7;0;0
Arapongas;tangerina_cleopatra;27;6;8;0;0
Arapongas;tangerina_cleopatra;27;6;9;0;0
Arapongas;tangerina_cleopatra;27;6;10;0;0
IpiguaIAC;laranja_caipira;28;2;1;0;0
IpiguaIAC;laranja_caipira;28;2;2;0;0
IpiguaIAC;laranja_caipira;28;2;3;0;0
IpiguaIAC;laranja_caipira;28;2;4;0;0
IpiguaIAC;laranja_caipira;28;2;5;0;0
IpiguaIAC;laranja_caipira;28;2;6;0;0
IpiguaIAC;laranja_caipira;28;2;7;0;0
IpiguaIAC;laranja_caipira;28;2;8;0;0
IpiguaIAC;laranja_caipira;28;2;9;0;0
IpiguaIAC;laranja_caipira;28;2;10;0;0
IpiguaIAC;laranja_caipira;28;3;1;0;0
IpiguaIAC;laranja_caipira;28;3;2;0,5;0,079
IpiguaIAC;laranja_caipira;28;3;3;0,5;0,036
IpiguaIAC;laranja_caipira;28;3;4;0;0
IpiguaIAC;laranja_caipira;28;3;5;0;0
IpiguaIAC;laranja_caipira;28;3;6;0;0
IpiguaIAC;laranja_caipira;28;3;7;0;0
IpiguaIAC;laranja_caipira;28;3;8;0;0
IpiguaIAC;laranja_caipira;28;3;9;0;0
IpiguaIAC;laranja_caipira;28;3;10;0;0
IpiguaIAC;laranja_caipira;28;4;1;0;0
IpiguaIAC;laranja_caipira;28;4;2;0;0
IpiguaIAC;laranja_caipira;28;4;3;0;0
IpiguaIAC;laranja_caipira;28;4;4;0;0
IpiguaIAC;laranja_caipira;28;4;5;0;0
IpiguaIAC;laranja_caipira;28;4;6;0;0
IpiguaIAC;laranja_caipira;28;4;7;0;0
IpiguaIAC;laranja_caipira;28;4;8;0;0
IpiguaIAC;laranja_caipira;28;4;9;0;0
IpiguaIAC;laranja_caipira;28;4;10;0;0
IpiguaIAC;laranja_caipira;28;5;1;0;0
IpiguaIAC;laranja_caipira;28;5;2;0;0
IpiguaIAC;laranja_caipira;28;5;3;0;0
IpiguaIAC;laranja_caipira;28;5;4;2;0,222
IpiguaIAC;laranja_caipira;28;5;5;0;0
IpiguaIAC;laranja_caipira;28;5;6;0;0
IpiguaIAC;laranja_caipira;28;5;7;0;0
IpiguaIAC;laranja_caipira;28;5;8;0;0
IpiguaIAC;laranja_caipira;28;5;9;0;0
IpiguaIAC;laranja_caipira;28;5;10;0;0
IpiguaIAC;laranja_caipira;28;6;1;0;0
IpiguaIAC;laranja_caipira;28;6;2;0;0
IpiguaIAC;laranja_caipira;28;6;3;0;0
IpiguaIAC;laranja_caipira;28;6;4;0,1;0,028
IpiguaIAC;laranja_caipira;28;6;5;0;0
IpiguaIAC;laranja_caipira;28;6;6;0;0
IpiguaIAC;laranja_caipira;28;6;7;0;0
IpiguaIAC;laranja_caipira;28;6;8;0;0
IpiguaIAC;laranja_caipira;28;6;9;0;0
IpiguaIAC;laranja_caipira;28;6;10;0;0
IAC;laranja_caipira;29;2;1;0;0
IAC;laranja_caipira;29;2;2;0;0
IAC;laranja_caipira;29;2;3;0;0
IAC;laranja_caipira;29;2;4;0;0
IAC;laranja_caipira;29;2;5;0;0
IAC;laranja_caipira;29;2;6;0;0
IAC;laranja_caipira;29;2;7;0;0
IAC;laranja_caipira;29;2;8;0;0
IAC;laranja_caipira;29;2;9;0;0
IAC;laranja_caipira;29;2;10;0;0
IAC;laranja_caipira;29;3;1;0,3;0,017
IAC;laranja_caipira;29;3;2;0,2;0,022
IAC;laranja_caipira;29;3;3;0;0
IAC;laranja_caipira;29;3;4;1;0,128
IAC;laranja_caipira;29;3;5;0;0
IAC;laranja_caipira;29;3;6;0;0
IAC;laranja_caipira;29;3;7;0;0
IAC;laranja_caipira;29;3;8;0,3;0,021
IAC;laranja_caipira;29;3;9;0;0
IAC;laranja_caipira;29;3;10;0;0
IAC;laranja_caipira;29;4;1;0,2;0,12
IAC;laranja_caipira;29;4;2;0;0
IAC;laranja_caipira;29;4;3;0;0
IAC;laranja_caipira;29;4;4;0;0
IAC;laranja_caipira;29;4;5;0;0
IAC;laranja_caipira;29;4;6;0;0
IAC;laranja_caipira;29;4;7;0;0
IAC;laranja_caipira;29;4;8;0;0
IAC;laranja_caipira;29;4;9;0;0
IAC;laranja_caipira;29;4;10;0;0
IAC;laranja_caipira;29;5;1;0,5;0,029
IAC;laranja_caipira;29;5;2;2;0,185
IAC;laranja_caipira;29;5;3;0,5;0,097
IAC;laranja_caipira;29;5;4;1;0,094
IAC;laranja_caipira;29;5;5;0,5;0,118
IAC;laranja_caipira;29;5;6;0;0
IAC;laranja_caipira;29;5;7;0;0
IAC;laranja_caipira;29;5;8;0,5;0,059
IAC;laranja_caipira;29;5;9;0;0
IAC;laranja_caipira;29;5;10;0;0
IAC;laranja_caipira;29;6;1;0,5;0,03
IAC;laranja_caipira;29;6;2;1;0,172
IAC;laranja_caipira;29;6;3;1,5;0,143
IAC;laranja_caipira;29;6;4;0,5;0,056
IAC;laranja_caipira;29;6;5;0;0
IAC;laranja_caipira;29;6;6;0;0
IAC;laranja_caipira;29;6;7;0;0
IAC;laranja_caipira;29;6;8;0;0
IAC;laranja_caipira;29;6;9;0;0
IAC;laranja_caipira;29;6;10;0;0
Bianchi;laranja_caipira;30;2;1;0,5;0,048
Bianchi;laranja_caipira;30;2;2;0;0
Bianchi;laranja_caipira;30;2;3;0;0
Bianchi;laranja_caipira;30;2;4;0;0
Bianchi;laranja_caipira;30;2;5;0;0
Bianchi;laranja_caipira;30;2;6;0;0
Bianchi;laranja_caipira;30;2;7;0;0
Bianchi;laranja_caipira;30;2;8;0;0
Bianchi;laranja_caipira;30;2;9;0;0
Bianchi;laranja_caipira;30;2;10;0;0
Bianchi;laranja_caipira;30;3;1;0;0
Bianchi;laranja_caipira;30;3;2;0;0
Bianchi;laranja_caipira;30;3;3;2;0,209
Bianchi;laranja_caipira;30;3;4;0,3;0,074
Bianchi;laranja_caipira;30;3;5;1,5;0,212
Bianchi;laranja_caipira;30;3;6;0;0
Bianchi;laranja_caipira;30;3;7;0;0
Bianchi;laranja_caipira;30;3;8;0;0
Bianchi;laranja_caipira;30;3;9;0;0
Bianchi;laranja_caipira;30;3;10;0;0
Bianchi;laranja_caipira;30;4;1;0;0
Bianchi;laranja_caipira;30;4;2;0;0
Bianchi;laranja_caipira;30;4;3;0;0
Bianchi;laranja_caipira;30;4;4;0;0
Bianchi;laranja_caipira;30;4;5;0;0
Bianchi;laranja_caipira;30;4;6;0;0
Bianchi;laranja_caipira;30;4;7;0;0
Bianchi;laranja_caipira;30;4;8;0;0
Bianchi;laranja_caipira;30;4;9;0,3;0,115
Bianchi;laranja_caipira;30;4;10;0,3;0,077
Bianchi;laranja_caipira;30;5;1;0;0
Bianchi;laranja_caipira;30;5;2;0;0
Bianchi;laranja_caipira;30;5;3;2;0,409
Bianchi;laranja_caipira;30;5;4;0;0
Bianchi;laranja_caipira;30;5;5;1,5;0,029
Bianchi;laranja_caipira;30;5;6;0;0
Bianchi;laranja_caipira;30;5;7;0;0
Bianchi;laranja_caipira;30;5;8;0;0
Bianchi;laranja_caipira;30;5;9;0;0
Bianchi;laranja_caipira;30;5;10;0;0
Bianchi;laranja_caipira;30;6;1;0;0
Bianchi;laranja_caipira;30;6;2;0;0
Bianchi;laranja_caipira;30;6;3;0;0
Bianchi;laranja_caipira;30;6;4;0;0
Bianchi;laranja_caipira;30;6;5;0;0
Bianchi;laranja_caipira;30;6;6;0;0
Bianchi;laranja_caipira;30;6;7;0;0
Bianchi;laranja_caipira;30;6;8;0;0
Bianchi;laranja_caipira;30;6;9;0;0
Bianchi;laranja_caipira;30;6;10;0;0
IAC_2000;laranja_caipira;31;2;1;0;0
IAC_2000;laranja_caipira;31;2;2;0;0
IAC_2000;laranja_caipira;31;2;3;0;0
IAC_2000;laranja_caipira;31;2;4;0;0
IAC_2000;laranja_caipira;31;2;5;0,5;0,065
IAC_2000;laranja_caipira;31;2;6;0;0
IAC_2000;laranja_caipira;31;2;7;0;0
IAC_2000;laranja_caipira;31;2;8;0;0
IAC_2000;laranja_caipira;31;2;9;0;0
IAC_2000;laranja_caipira;31;2;10;0;0
IAC_2000;laranja_caipira;31;3;1;0;0
IAC_2000;laranja_caipira;31;3;2;0;0
IAC_2000;laranja_caipira;31;3;3;0;0
IAC_2000;laranja_caipira;31;3;4;0;0
IAC_2000;laranja_caipira;31;3;5;0;0
IAC_2000;laranja_caipira;31;3;6;0;0
IAC_2000;laranja_caipira;31;3;7;0;0
IAC_2000;laranja_caipira;31;3;8;1;0,159
IAC_2000;laranja_caipira;31;3;9;0,5;0,051
IAC_2000;laranja_caipira;31;3;10;0,5;0,05
IAC_2000;laranja_caipira;31;4;1;0;0
IAC_2000;laranja_caipira;31;4;2;0;0
IAC_2000;laranja_caipira;31;4;3;0;0
IAC_2000;laranja_caipira;31;4;4;0;0
IAC_2000;laranja_caipira;31;4;5;0;0
IAC_2000;laranja_caipira;31;4;6;0;0
IAC_2000;laranja_caipira;31;4;7;0,1;0,036
IAC_2000;laranja_caipira;31;4;8;0;0
IAC_2000;laranja_caipira;31;4;9;0;0
IAC_2000;laranja_caipira;31;4;10;0;0
IAC_2000;laranja_caipira;31;5;1;0;0
IAC_2000;laranja_caipira;31;5;2;0;0
IAC_2000;laranja_caipira;31;5;3;0;0
IAC_2000;laranja_caipira;31;5;4;0;0
IAC_2000;laranja_caipira;31;5;5;0;0
IAC_2000;laranja_caipira;31;5;6;0;0
IAC_2000;laranja_caipira;31;5;7;0,3;0,176
IAC_2000;laranja_caipira;31;5;8;0,5;0,35
IAC_2000;laranja_caipira;31;5;9;0,7;0,375
IAC_2000;laranja_caipira;31;5;10;0;0
IAC_2000;laranja_caipira;31;6;1;0;0
IAC_2000;laranja_caipira;31;6;2;0;0
IAC_2000;laranja_caipira;31;6;3;0;0
IAC_2000;laranja_caipira;31;6;4;0;0
IAC_2000;laranja_caipira;31;6;5;0;0
IAC_2000;laranja_caipira;31;6;6;0;0
IAC_2000;laranja_caipira;31;6;7;0;0
IAC_2000;laranja_caipira;31;6;8;0;0
IAC_2000;laranja_caipira;31;6;9;0;0
IAC_2000;laranja_caipira;31;6;10;0;0
Olimpia;laranja_caipira;32;2;1;0;0
Olimpia;laranja_caipira;32;2;2;0;0
Olimpia;laranja_caipira;32;2;3;0;0
Olimpia;laranja_caipira;32;2;4;0;0
Olimpia;laranja_caipira;32;2;5;0;0
Olimpia;laranja_caipira;32;2;6;0;0
Olimpia;laranja_caipira;32;2;7;0;0
Olimpia;laranja_caipira;32;2;8;0;0
Olimpia;laranja_caipira;32;2;9;0;0
Olimpia;laranja_caipira;32;2;10;0;0
Olimpia;laranja_caipira;32;3;1;0;0
Olimpia;laranja_caipira;32;3;2;0;0
Olimpia;laranja_caipira;32;3;3;0;0
Olimpia;laranja_caipira;32;3;4;0;0
Olimpia;laranja_caipira;32;3;5;0;0
Olimpia;laranja_caipira;32;3;6;0;0
Olimpia;laranja_caipira;32;3;7;0;0
Olimpia;laranja_caipira;32;3;8;0;0
Olimpia;laranja_caipira;32;3;9;0;0
Olimpia;laranja_caipira;32;3;10;0;0
Olimpia;laranja_caipira;32;4;1;0;0
Olimpia;laranja_caipira;32;4;2;0;0
Olimpia;laranja_caipira;32;4;3;0;0
Olimpia;laranja_caipira;32;4;4;0;0
Olimpia;laranja_caipira;32;4;5;0;0
Olimpia;laranja_caipira;32;4;6;0;0
Olimpia;laranja_caipira;32;4;7;0;0
Olimpia;laranja_caipira;32;4;8;0;0
Olimpia;laranja_caipira;32;4;9;0;0
Olimpia;laranja_caipira;32;4;10;0;0
Olimpia;laranja_caipira;32;5;1;0;0
Olimpia;laranja_caipira;32;5;2;0;0
Olimpia;laranja_caipira;32;5;3;0;0
Olimpia;laranja_caipira;32;5;4;0;0
Olimpia;laranja_caipira;32;5;5;0;0
Olimpia;laranja_caipira;32;5;6;0;0
Olimpia;laranja_caipira;32;5;7;0;0
Olimpia;laranja_caipira;32;5;8;0;0
Olimpia;laranja_caipira;32;5;9;0;0
Olimpia;laranja_caipira;32;5;10;0;0
Olimpia;laranja_caipira;32;6;1;0;0
Olimpia;laranja_caipira;32;6;2;0;0
Olimpia;laranja_caipira;32;6;3;0;0
Olimpia;laranja_caipira;32;6;4;0;0
Olimpia;laranja_caipira;32;6;5;0;0
Olimpia;laranja_caipira;32;6;6;0;0
Olimpia;laranja_caipira;32;6;7;0;0
Olimpia;laranja_caipira;32;6;8;0;0
Olimpia;laranja_caipira;32;6;9;0;0
Olimpia;laranja_caipira;32;6;10;0;0
EEL;laranja_caipira;33;2;1;0;0
EEL;laranja_caipira;33;2;2;0;0
EEL;laranja_caipira;33;2;3;0;0
EEL;laranja_caipira;33;2;4;0;0
EEL;laranja_caipira;33;2;5;0;0
EEL;laranja_caipira;33;2;6;0;0
EEL;laranja_caipira;33;2;7;0;0
EEL;laranja_caipira;33;2;8;0;0
EEL;laranja_caipira;33;2;9;0;0
EEL;laranja_caipira;33;2;10;0;0
EEL;laranja_caipira;33;3;1;0;0
EEL;laranja_caipira;33;3;2;0;0
EEL;laranja_caipira;33;3;3;0;0
EEL;laranja_caipira;33;3;4;0;0
EEL;laranja_caipira;33;3;5;0;0
EEL;laranja_caipira;33;3;6;0;0
EEL;laranja_caipira;33;3;7;0;0
EEL;laranja_caipira;33;3;8;0;0
EEL;laranja_caipira;33;3;9;0;0
EEL;laranja_caipira;33;3;10;0;0
EEL;laranja_caipira;33;4;1;0;0
EEL;laranja_caipira;33;4;2;0;0
EEL;laranja_caipira;33;4;3;0;0
EEL;laranja_caipira;33;4;4;0;0
EEL;laranja_caipira;33;4;5;0;0
EEL;laranja_caipira;33;4;6;0;0
EEL;laranja_caipira;33;4;7;0;0
EEL;laranja_caipira;33;4;8;0;0
EEL;laranja_caipira;33;4;9;0;0
EEL;laranja_caipira;33;4;10;0;0
EEL;laranja_caipira;33;5;1;0;0
EEL;laranja_caipira;33;5;2;0;0
EEL;laranja_caipira;33;5;3;0;0
EEL;laranja_caipira;33;5;4;0;0
EEL;laranja_caipira;33;5;5;0;0
EEL;laranja_caipira;33;5;6;0;0
EEL;laranja_caipira;33;5;7;0;0
EEL;laranja_caipira;33;5;8;0;0
EEL;laranja_caipira;33;5;9;0;0
EEL;laranja_caipira;33;5;10;0;0
EEL;laranja_caipira;33;6;1;0;0
EEL;laranja_caipira;33;6;2;0;0
EEL;laranja_caipira;33;6;3;0;0
EEL;laranja_caipira;33;6;4;0;0
EEL;laranja_caipira;33;6;5;0;0
EEL;laranja_caipira;33;6;6;0;0
EEL;laranja_caipira;33;6;7;0;0
EEL;laranja_caipira;33;6;8;0;0
EEL;laranja_caipira;33;6;9;0;0
EEL;laranja_caipira;33;6;10;0;0
N59;laranja_caipira;34;2;1;0;0
N59;laranja_caipira;34;2;2;0,2;0,073
N59;laranja_caipira;34;2;3;0;0
N59;laranja_caipira;34;2;4;0;0
N59;laranja_caipira;34;2;5;0;0
N59;laranja_caipira;34;2;6;0;0
N59;laranja_caipira;34;2;7;0;0
N59;laranja_caipira;34;2;8;0;0
N59;laranja_caipira;34;2;9;0;0
N59;laranja_caipira;34;2;10;0,5;0,075
N59;laranja_caipira;34;3;1;0;0
N59;laranja_caipira;34;3;2;0;0
N59;laranja_caipira;34;3;3;0;0
N59;laranja_caipira;34;3;4;0;0
N59;laranja_caipira;34;3;5;0,5;0,022
N59;laranja_caipira;34;3;6;0;0
N59;laranja_caipira;34;3;7;0;0
N59;laranja_caipira;34;3;8;0;0
N59;laranja_caipira;34;3;9;0;0
N59;laranja_caipira;34;3;10;0;0
N59;laranja_caipira;34;4;1;0;0
N59;laranja_caipira;34;4;2;0;0
N59;laranja_caipira;34;4;3;0;0
N59;laranja_caipira;34;4;4;0;0
N59;laranja_caipira;34;4;5;0;0
N59;laranja_caipira;34;4;6;0;0
N59;laranja_caipira;34;4;7;0;0
N59;laranja_caipira;34;4;8;0;0
N59;laranja_caipira;34;4;9;0;0
N59;laranja_caipira;34;4;10;0;0
N59;laranja_caipira;34;5;1;0;0
N59;laranja_caipira;34;5;2;0;0
N59;laranja_caipira;34;5;3;0;0
N59;laranja_caipira;34;5;4;0;0
N59;laranja_caipira;34;5;5;0;0
N59;laranja_caipira;34;5;6;0;0
N59;laranja_caipira;34;5;7;0;0
N59;laranja_caipira;34;5;8;0;0
N59;laranja_caipira;34;5;9;0;0
N59;laranja_caipira;34;5;10;0;0
N59;laranja_caipira;34;6;1;0;0
N59;laranja_caipira;34;6;2;0;0
N59;laranja_caipira;34;6;3;0;0
N59;laranja_caipira;34;6;4;0;0
N59;laranja_caipira;34;6;5;0;0
N59;laranja_caipira;34;6;6;0;0
N59;laranja_caipira;34;6;7;0;0
N59;laranja_caipira;34;6;8;0;0
N59;laranja_caipira;34;6;9;0;0
N59;laranja_caipira;34;6;10;0;0
N58;laranja_caipira;35;2;1;0;0
N58;laranja_caipira;35;2;2;0;0
N58;laranja_caipira;35;2;3;0;0
N58;laranja_caipira;35;2;4;0;0
N58;laranja_caipira;35;2;5;0;0
N58;laranja_caipira;35;2;6;0;0
N58;laranja_caipira;35;2;7;0;0
N58;laranja_caipira;35;2;8;0;0
N58;laranja_caipira;35;2;9;0;0
N58;laranja_caipira;35;2;10;0;0
N58;laranja_caipira;35;3;1;0;0
N58;laranja_caipira;35;3;2;0;0
N58;laranja_caipira;35;3;3;0;0
N58;laranja_caipira;35;3;4;0;0
N58;laranja_caipira;35;3;5;0;0
N58;laranja_caipira;35;3;6;0;0
N58;laranja_caipira;35;3;7;0;0
N58;laranja_caipira;35;3;8;0;0
N58;laranja_caipira;35;3;9;0;0
N58;laranja_caipira;35;3;10;0;0
N58;laranja_caipira;35;4;1;0;0
N58;laranja_caipira;35;4;2;0;0
N58;laranja_caipira;35;4;3;0;0
N58;laranja_caipira;35;4;4;0;0
N58;laranja_caipira;35;4;5;0;0
N58;laranja_caipira;35;4;6;0;0
N58;laranja_caipira;35;4;7;0;0
N58;laranja_caipira;35;4;8;0;0
N58;laranja_caipira;35;4;9;0;0
N58;laranja_caipira;35;4;10;0;0
N58;laranja_caipira;35;5;1;0;0
N58;laranja_caipira;35;5;2;0;0
N58;laranja_caipira;35;5;3;0;0
N58;laranja_caipira;35;5;4;0;0
N58;laranja_caipira;35;5;5;0;0
N58;laranja_caipira;35;5;6;0;0
N58;laranja_caipira;35;5;7;0;0
N58;laranja_caipira;35;5;8;0;0
N58;laranja_caipira;35;5;9;0;0
N58;laranja_caipira;35;5;10;0;0
N58;laranja_caipira;35;6;1;0;0
N58;laranja_caipira;35;6;2;0;0
N58;laranja_caipira;35;6;3;0;0
N58;laranja_caipira;35;6;4;0;0
N58;laranja_caipira;35;6;5;0;0
N58;laranja_caipira;35;6;6;0;0
N58;laranja_caipira;35;6;7;0;0
N58;laranja_caipira;35;6;8;0;0
N58;laranja_caipira;35;6;9;0;0
N58;laranja_caipira;35;6;10;0;0
Arapongas;laranja_caipira;36;2;1;0;0
Arapongas;laranja_caipira;36;2;2;0;0
Arapongas;laranja_caipira;36;2;3;0;0
Arapongas;laranja_caipira;36;2;4;0;0
Arapongas;laranja_caipira;36;2;5;0;0
Arapongas;laranja_caipira;36;2;6;0;0
Arapongas;laranja_caipira;36;2;7;0;0
Arapongas;laranja_caipira;36;2;8;0;0
Arapongas;laranja_caipira;36;2;9;0;0
Arapongas;laranja_caipira;36;2;10;0;0
Arapongas;laranja_caipira;36;3;1;0;0
Arapongas;laranja_caipira;36;3;2;0;0
Arapongas;laranja_caipira;36;3;3;0;0
Arapongas;laranja_caipira;36;3;4;0;0
Arapongas;laranja_caipira;36;3;5;0;0
Arapongas;laranja_caipira;36;3;6;0;0
Arapongas;laranja_caipira;36;3;7;0;0
Arapongas;laranja_caipira;36;3;8;0;0
Arapongas;laranja_caipira;36;3;9;0;0
Arapongas;laranja_caipira;36;3;10;0;0
Arapongas;laranja_caipira;36;4;1;0;0
Arapongas;laranja_caipira;36;4;2;0;0
Arapongas;laranja_caipira;36;4;3;0;0
Arapongas;laranja_caipira;36;4;4;0;0
Arapongas;laranja_caipira;36;4;5;0;0
Arapongas;laranja_caipira;36;4;6;0;0
Arapongas;laranja_caipira;36;4;7;0;0
Arapongas;laranja_caipira;36;4;8;0;0
Arapongas;laranja_caipira;36;4;9;0;0
Arapongas;laranja_caipira;36;4;10;0;0
Arapongas;laranja_caipira;36;5;1;0;0
Arapongas;laranja_caipira;36;5;2;0;0
Arapongas;laranja_caipira;36;5;3;0;0
Arapongas;laranja_caipira;36;5;4;0;0
Arapongas;laranja_caipira;36;5;5;0;0
Arapongas;laranja_caipira;36;5;6;0;0
Arapongas;laranja_caipira;36;5;7;0;0
Arapongas;laranja_caipira;36;5;8;0;0
Arapongas;laranja_caipira;36;5;9;0;0
Arapongas;laranja_caipira;36;5;10;0;0
Arapongas;laranja_caipira;36;6;1;0;0
Arapongas;laranja_caipira;36;6;2;0;0
Arapongas;laranja_caipira;36;6;3;0;0
Arapongas;laranja_caipira;36;6;4;0;0
Arapongas;laranja_caipira;36;6;5;0;0
Arapongas;laranja_caipira;36;6;6;0;0
Arapongas;laranja_caipira;36;6;7;0;0
Arapongas;laranja_caipira;36;6;8;0;0
Arapongas;laranja_caipira;36;6;9;0;0
Arapongas;laranja_caipira;36;6;10;0;0
